Well name,trend,h,p,z,Tau,s,var_s,slope,intercept
110 Parkland Plaza,decreasing,True,2.3268431625922403e-10,-6.338054604042842,-0.5911949685534591,-846.0,17774.666666666668,-0.2,12.3
170 Aprill,no trend,False,0.7427813404898913,-0.3281723661445365,-0.03968253968253968,-25.0,5348.333333333333,0.0,10.5
175 Jackson Plaza,increasing,True,1.2789991288286728e-11,6.7709959539995275,0.6165413533834586,984.0,21076.666666666668,19.79513888888889,-127.26388888888891
2575 Valley,increasing,True,0.0002772549376877098,3.6356738497026946,0.5947368421052631,113.0,949.0,4.844444444444445,22.477777777777774
2601 Dexter Rd,increasing,True,0.007469328001610487,2.6751614062740816,0.7222222222222222,26.0,87.33333333333333,1.0,-2.0
2643 Dexter Rd,no trend,False,0.2161161937092817,1.236921590407406,0.21052631578947367,36.0,800.6666666666666,0.16666666666666666,2.5
2652 Dexter Rd,decreasing,True,0.0026940309829344145,-3.0006510503141812,-0.2489025460930641,-567.0,35579.666666666664,-0.2889676113360324,26.680414979757085
2690 Dexter Rd,increasing,True,9.880365414716152e-10,6.111330923426649,0.6646341463414634,545.0,7923.666666666667,10.203448275862069,-37.068965517241395
2700 Dexter Rd,increasing,True,7.529158265739966e-06,4.478153142664445,0.7543859649122807,129.0,817.0,20.0,21.0
2805 Dexter Rd,increasing,True,2.6645352591003757e-15,7.903326840237928,0.5631257631257631,2306.0,85059.33333333333,6.4411764705882355,-9.852941176470608
2819 Dexter Rd,no trend,False,0.6154722998475657,-0.5022775485722671,-0.037578886976477335,-131.0,66988.33333333333,-0.5847701149425287,401.76795977011494
305 Pinewood,no trend,False,0.10519250512004152,1.6201851746019649,0.5333333333333333,8.0,18.666666666666668,0.4,0.0
3050 Jackson Rd,no trend,False,0.2596563563704499,-1.1272037239532693,-0.4666666666666667,-7.0,28.333333333333332,-38.0,329.0
3245 Kingwood,decreasing,True,5.735853036981098e-08,-5.426846143628835,-0.8789473684210526,-167.0,935.6666666666666,-3.0,38.0
333 Jackson Plaza,decreasing,True,0.0,-9.692747621977288,-0.7747336377473364,-2036.0,44079.333333333336,-314.23225806451615,15552.36129032258
3365 Jackson Rd,decreasing,True,3.4614666688526086e-10,-6.27655958244035,-0.5130434782608696,-1239.0,38904.333333333336,-38.301886792452834,2481.4150943396226
350 Rose,no trend,False,1.0,0.0,-0.3333333333333333,-1.0,3.6666666666666665,-8.5,35.5
354 Pinewood,no trend,False,0.25141274797072954,1.1469246887266566,0.2727272727272727,15.0,149.0,0.1111111111111111,2.4444444444444446
3563 Elizabeth Rd,no trend,False,0.16985971707752157,1.3726547036103895,0.10206240084611316,193.0,19565.0,0.0,2.0
3573 Elizabeth Rd,no trend,False,1.0,0.0,0.0,0.0,0.0,0.0,1.0
359 Pinewood,increasing,True,0.0017895728484755846,3.123099422048552,0.6666666666666666,52.0,266.6666666666667,3.55,10.700000000000003
373 Pinewood Shallow,decreasing,True,2.114349846982222e-06,-4.742175833744506,-0.31857891671520094,-1641.0,119600.33333333333,-12.777777777777779,1426.7777777777778
4141 Jackson Rd,no trend,False,0.27887687437337316,-1.0828457961580584,-0.1214574898785425,-90.0,6755.333333333333,-0.06,8.14
420 Parkwood,no trend,False,0.3081795474670539,1.0190493307301363,0.6666666666666666,4.0,8.666666666666666,9.833333333333332,-7.249999999999998
430 Barber East,no trend,False,0.4576140668763147,-0.7427813527082074,-0.11462450592885376,-29.0,1421.0,-0.14285714285714285,11.571428571428571
430 Barber West,increasing,True,0.027623097767024207,2.2025979609700195,0.24696356275303644,183.0,6827.666666666667,1.6428571428571428,42.78571428571429
435 Barber,increasing,True,0.010873069277876013,2.5467519411980097,0.2344155844155844,361.0,19981.666666666668,0.3763888888888889,13.649305555555555
440 Clarendon,increasing,True,0.0,9.37428314627074,0.8616883116883117,1327.0,20008.333333333332,2.8775,-36.631249999999994
4401 Park East,no trend,False,1.0,0.0,0.0,0.0,16.666666666666668,0.04166666666666666,24.916666666666668
4401 Park West,decreasing,True,0.0,-8.92675894056138,-0.8282828282828283,-1230.0,18954.666666666668,-2.5,107.5
441 Parkwood,decreasing,True,3.5535992071178413e-06,-4.6359162004618,-0.8308823529411765,-113.0,583.6666666666666,-1.2111111111111112,30.68888888888889
4470 Jackson Rd,no trend,False,1.0,0.0,1.0,1.0,1.0,13.0,5.0
453 Dupont,decreasing,True,0.028455772455217243,-2.19094500433046,-0.18136589778380824,-401.0,33331.666666666664,-0.03773584905660377,5.245283018867925
4550 Jackson Rd,no trend,False,1.0,0.0,-1.0,-1.0,1.0,-2.0,3.0
456 Clarendon,increasing,True,0.0,9.602820699017633,0.6881398252184769,2756.0,82308.66666666667,8.134146341463415,93.03048780487802
4601 Park 4 inch,no trend,False,0.07918313113913578,-1.7554455232281811,-0.1622340425531915,-183.0,10749.0,0.0,2.0
4601 Park 6 inch,decreasing,True,1.1823273790234623e-05,-4.380821430978092,-0.413265306122449,-486.0,12256.666666666666,-0.046511627906976744,3.116279069767442
465 Dupont,increasing,True,0.0,11.011302533461214,0.711092577147623,4263.0,149813.0,13.625,-283.0625
4742 Park Rd,decreasing,True,2.763459489996123e-05,-4.192131318905838,-0.42368177613321,-458.0,11884.0,-1.4,56.199999999999996
475 Barber,no trend,False,1.0,0.0,0.0,0.0,0.0,0.0,1.0
476 Barber,no trend,False,0.5186050164287255,0.6454972243679028,0.16666666666666666,6.0,60.0,0.0,1.0
5005 Jackson Rd,increasing,True,0.0019652288794431705,3.0954373452316464,0.175177304964539,1729.0,311633.0,0.1111111111111111,11.222222222222221
544 Allison,no trend,False,0.8341413174330146,0.2093931785951407,0.018353174603174604,37.0,29558.333333333332,0.0,8.5
545 Allison,increasing,True,6.439293542825908e-14,7.498940243879917,0.8121951219512196,666.0,7864.0,0.3333333333333333,1.333333333333334
580 Allison,increasing,True,3.3439917501709715e-13,7.27975483562671,0.6886792452830188,949.0,16958.333333333332,0.975,3.650000000000002
584 Allison,increasing,True,0.039996861822791496,2.0537813187531686,0.28,91.0,1920.3333333333333,0.07692307692307693,2.0384615384615383
593 Allison,increasing,True,1.943627481182375e-10,6.365730345656534,0.485126582278481,1533.0,57919.0,5.621155638397018,-0.03564771668220601
597 Allison,increasing,True,2.0926855359704177e-08,5.604158990923228,0.6102564102564103,476.0,7184.0,0.25,3.125
609 South Wagner Rd,no trend,False,1.0,0.0,-1.0,-1.0,1.0,-8.0,11.0
723 S. Wagner Road,no trend,False,1.0,0.0,0.03571428571428571,1.0,53.0,0.0,1.05
A2 Cleaning Supply,decreasing,True,0.0,-12.370039627245362,-0.5851928476429733,-11880.0,922184.0,-0.39285714285714285,127.48214285714286
AE-1,increasing,True,2.665823117808941e-11,6.663940310960378,0.2795343137254902,9124.0,1874188.0,0.27701575532900835,71.68049119555144
AE-2,increasing,True,1.2298016611955731e-05,4.372236561383038,0.7309941520467836,125.0,804.3333333333334,1.5555555555555556,-8.0
AE-3,increasing,True,0.0,8.338862134429544,0.6190476190476191,2158.0,66909.33333333333,0.7142857142857143,60.35714285714286
AMW-1,decreasing,True,5.991096507784732e-11,-6.543959663059429,-0.6685990338164252,-692.0,11150.0,-28.035714285714285,1045.8035714285716
AMW-2,decreasing,True,6.014655440367278e-11,-6.54337283979115,-0.6685990338164252,-692.0,11152.0,-32.11538461538461,978.5961538461538
ARTESIAN #1,increasing,True,4.6350969951092225e-08,5.464769115005615,0.6436974789915967,383.0,4886.333333333333,0.4,-2.8000000000000007
ARTESIAN #2,no trend,False,0.252914491183577,1.1432989491222283,0.10761705101327743,154.0,17908.666666666668,0.125,20.1875
ARTESIAN #3,no trend,False,0.1060952635807213,-1.6159956042950774,-0.15016835016835017,-223.0,18872.333333333332,-0.10256410256410256,23.76923076923077
Allen Creek/Chapin St,no trend,False,0.928444041500591,0.08980265101338746,0.044444444444444446,2.0,124.0,0.07499999999999973,8.6125
Allen Creek/Eighth St,no trend,False,1.0,0.0,0.0,0.0,2.6666666666666665,0.0,1.0
Allen Creek/Murray Ave,no trend,False,0.26725749315438785,1.1094003924504583,0.5,5.0,13.0,0.06249999999999997,1.175
Allen Creek/West Park SW,no trend,False,0.9110254287063202,-0.11174521339154048,-0.03296703296703297,-3.0,320.3333333333333,0.0,16.0
DOLPH,decreasing,True,0.0,-25.771400641247197,-0.7757265687232592,-94461.0,13434448.333333334,-2.3529411764705883,973.0
EFF-UV1-A,no trend,False,0.864279711543674,0.17092884989575974,0.0069910669699828,252.0,2156337.3333333335,0.0,5.0
EFF-UV1-B,no trend,False,0.9940317583911313,0.00748015133845679,0.0008019246190858059,3.0,71489.0,0.0,2.0
EFF-UV2-A,no trend,False,0.538014249913791,-0.615818600153724,-0.024684804246848043,-930.0,2275756.6666666665,0.0,3.0
EFF-UV2-B,no trend,False,0.9238045400496677,0.0956424618900519,0.0035517568850902182,187.0,3782025.0,0.0,4.0
Entry Errors,no trend,False,1.0,0.0,1.0,1.0,1.0,41.0,3.0
First Sister Lake,no trend,False,0.7071142312899612,-0.3757345746510897,-0.2,-3.0,28.333333333333332,-1.5,12.75
Green Pond,decreasing,True,0.023642218909198487,-2.2628940883683475,-0.5151515151515151,-34.0,212.66666666666666,-3.5227272727272725,34.875
HC/HR,no trend,False,1.0,0.0,1.0,1.0,1.0,7.0,2.0
HZ-N,decreasing,True,0.0,-15.636348314616768,-0.8227592398623372,-10997.0,494537.0,-19.35825892857143,3504.1981026785716
HZ-S,decreasing,True,0.0,-21.043371618762873,-0.9027099364335899,-26982.0,1643938.0,-38.714285714285715,7701.142857142857
Honey Creek/Dexter Rd,no trend,False,1.0,0.0,0.3333333333333333,1.0,3.6666666666666665,0.15000000000000002,1.35
IW-2,increasing,True,8.508904691950647e-11,6.491317464775772,0.6898954703832753,594.0,8345.333333333334,15.642857142857142,-14.178571428571445
LB-1,increasing,True,0.0,20.96024125128953,0.668037518037518,64813.0,9561329.666666666,1.1015625,126.65625
LB-2,increasing,True,2.5286257663292844e-06,4.7058078736194915,0.1859998064266357,7687.0,2667671.6666666665,1.0,785.5
LB-3,decreasing,True,3.789582998514618e-07,-5.079234708257154,-0.3750700280112045,-1339.0,69393.0,-1.2231800766283525,557.3735632183908
LB-4,decreasing,True,0.011047495458213152,-2.541192884343842,-0.20029618659755646,-541.0,45155.666666666664,-0.43478260869565216,495.8695652173913
LBOW-1,no trend,False,0.54029137460742,0.6123724356957945,0.6666666666666666,2.0,2.6666666666666665,0.5,0.5
Little Lake,no trend,False,0.3081795474670539,1.0190493307301363,0.6666666666666666,4.0,8.666666666666666,0.7666666666666664,2.3500000000000005
MOW-1,decreasing,True,1.127142823520444e-11,-6.7892547665553655,-0.702020202020202,-695.0,10449.0,-77.45779220779221,2864.0714285714284
MW-1,increasing,True,1.8291251830948596e-06,4.771441048627759,0.5121951219512195,441.0,8503.666666666666,23.347826086956523,-362.63043478260875
MW-1 Replacement,no trend,False,0.07941334146385115,1.7541001880963123,0.2159090909090909,114.0,4150.0,28.571428571428573,2642.8571428571427
MW-100,increasing,True,0.0,13.53971353232946,0.9231086373943517,4478.0,109334.0,22.775,-536.9749999999999
MW-101,decreasing,True,6.009637232295972e-12,-6.879418448331875,-0.5702370500438981,-1299.0,35599.666666666664,-4.628540305010894,491.0561002178649
MW-103d,decreasing,True,4.04121180963557e-14,-7.559306764881686,-0.6622950819672131,-1212.0,25664.0,-0.19444444444444445,17.833333333333332
MW-103s,increasing,True,1.3238655083291917e-07,5.275511164439988,0.3125819916517591,2621.0,246645.66666666666,0.2328767123287671,54.97945205479452
MW-104,increasing,True,5.309086503757499e-13,7.217153363808546,0.791025641025641,617.0,7285.0,0.3333333333333333,-0.5
MW-105d,decreasing,True,0.0,-9.298911227299369,-0.8626262626262626,-1281.0,18947.666666666668,-13.928571428571429,792.0714285714286
MW-105s,decreasing,True,0.0,-8.622756294907797,-0.8,-1188.0,18950.0,-33.333333333333336,1548.0
MW-106d,decreasing,True,0.0002958695480379525,-3.618889834792382,-0.7575757575757576,-50.0,183.33333333333334,-0.5,4.25
MW-106s,decreasing,True,2.2982837855067828e-10,-6.339957676160223,-0.5824675324675325,-897.0,19973.0,-10.331196581196583,544.107905982906
MW-107,increasing,True,1.5432100042289676e-13,7.3833796172784085,0.6486338797814207,1187.0,25802.333333333332,14.617872340425532,-357.53617021276597
MW-108d,decreasing,True,0.0,-9.885846809640123,-0.8757062146892656,-1550.0,24551.333333333332,-58.933035714285715,3934.5245535714284
MW-108s,decreasing,True,0.0,-10.198186585970381,-0.9117475160724723,-1560.0,23369.333333333332,-53.85,2504.65
MW-10d,decreasing,True,1.2890063429749077e-05,-4.361963064841214,-0.2617172853393326,-2094.0,230236.66666666666,-11.380952380952381,1867.0
MW-10s,increasing,True,0.03341711157729366,2.127035766074408,0.27586206896551724,120.0,3130.0,0.6666666666666666,25.333333333333336
MW-110,increasing,True,0.0,8.74136360207962,0.7951127819548872,1269.0,21041.666666666668,1.1842105263157894,0.8421052631578974
MW-112d,no trend,False,1.0,0.0,0.0,0.0,2.6666666666666665,0.0,1.0
MW-112i,increasing,True,0.0,10.542959455305628,0.6569407603890363,4458.0,178714.66666666666,0.044444444444444446,5.9222222222222225
MW-112s,no trend,False,0.2544505826463366,-1.1396057645963795,-0.24444444444444444,-11.0,77.0,0.0,1.0
MW-113,increasing,True,0.0,8.838857717989166,0.8628571428571429,1057.0,14273.666666666666,1.25,21.375
MW-115,decreasing,True,0.0,-9.617975866497137,-0.7280864197530864,-2359.0,60106.333333333336,-8.916630481980025,1022.665219279201
MW-116,decreasing,True,2.2685779669240347e-05,-4.23667136382878,-0.4138775510204082,-507.0,14264.333333333334,-3.8333333333333335,543.9166666666666
MW-117,no trend,False,0.7508235188990009,-0.3175536744149779,-0.14285714285714285,-3.0,39.666666666666664,0.0,2.0
MW-118,decreasing,True,9.325873406851315e-15,-7.748388792635239,-0.756734693877551,-927.0,14282.333333333334,-2.875,135.4375
MW-119,decreasing,True,2.1364612523555593e-08,-5.6005716101409835,-0.5593971631205674,-631.0,12653.666666666666,-4.7846153846153845,205.93846153846152
MW-11d,decreasing,True,0.0,-9.778605071428945,-0.4852102637205987,-8169.0,697714.3333333334,-8.224014336917563,1321.497311827957
MW-11i,decreasing,True,0.0,-9.200241042760863,-0.7300999629766753,-1972.0,45896.0,-2.3076923076923075,155.23076923076923
MW-11s,decreasing,True,1.316319653721365e-05,-4.357374441445402,-0.5632183908045977,-245.0,3135.6666666666665,-1.6666666666666667,41.66666666666667
MW-121d,increasing,True,0.0002854223767136954,3.6281834967645277,0.49002849002849,172.0,2221.3333333333335,0.042857142857142864,0.9428571428571427
MW-122s,increasing,True,1.4455103780619538e-13,7.3920091071941085,0.7545893719806763,781.0,11134.333333333334,3.659090909090909,5.170454545454547
MW-125,decreasing,True,0.0007956126366865934,-3.354316637758921,-0.3738191632928475,-277.0,6770.333333333333,-1.5789473684210527,260.0
MW-129d,increasing,True,2.2996137430064678e-05,4.233618056804338,0.6086956521739131,168.0,1556.0,0.019999999999999997,0.9199999999999999
MW-12d,no trend,False,0.21846803505431844,1.2306119462710094,0.22058823529411764,30.0,555.3333333333334,0.09090909090909091,1.2727272727272727
MW-12s,no trend,False,1.0,0.0,0.0,0.0,34.666666666666664,0.0,2.0
MW-130i,increasing,True,6.654016670992746e-09,5.799431360464721,0.8656126482213439,219.0,1413.0,0.18461538461538465,1.8692307692307688
MW-133d,increasing,True,0.009849225920652627,2.5810782325691854,0.2991596638655462,178.0,4702.666666666667,0.02999999999999998,2.49
MW-133i,no trend,False,0.7475787258539768,0.3218336428181168,0.04032258064516129,20.0,3485.3333333333335,0.0,1.8
MW-133s,no trend,False,0.7869364174038089,-0.2702909627294065,-0.031746031746031744,-20.0,4941.333333333333,0.0,1.9
MW-134d,increasing,True,0.0017992018108419217,3.1215197469302183,0.3456614509246088,243.0,6010.333333333333,0.04074074074074073,4.246296296296297
MW-134i,increasing,True,0.04996651015573539,1.9602505720260244,0.22372372372372373,149.0,5700.333333333333,0.03660287081339712,8.04114832535885
MW-134s,increasing,True,0.008528917082246235,2.6303812091737218,0.2901849217638691,204.0,5956.0,0.024999999999999994,8.5375
MW-138i,no trend,False,0.10117403638115463,1.6391883642323395,0.30833333333333335,37.0,482.3333333333333,0.08712121212121213,6.546590909090909
MW-138s,no trend,False,1.0,0.0,1.0,1.0,1.0,1.0,1.0
MW-141d,no trend,False,0.8679013613300444,-0.1663247859647789,-0.04395604395604396,-4.0,325.3333333333333,0.0,3.4
MW-141s,decreasing,True,0.010999583241544153,-2.5427120590787737,-0.5384615384615384,-42.0,260.0,-0.13541666666666666,3.8125
MW-14d,no trend,False,1.0,0.0,-0.16666666666666666,-1.0,7.666666666666667,-0.3333333333333333,2.0
MW-14s,no trend,False,1.0,0.0,1.0,1.0,1.0,1.0,2.0
MW-15d,decreasing,True,3.552713678800501e-15,-7.872504885971979,-0.6624708624708625,-1421.0,32535.0,-13.692307692307692,531.5
MW-15s,decreasing,True,1.3848959157236607e-07,-5.267240675789176,-0.7063492063492064,-267.0,2550.3333333333335,-2.0,38.0
MW-16,no trend,False,0.3013890417146279,-1.033459227392907,-0.24242424242424243,-16.0,210.66666666666666,-0.23,3.915
MW-17,increasing,True,0.005820501222842944,2.7577257243373587,0.2012830793905373,753.0,74359.0,3.5166666666666666,218.78333333333333
MW-18d,decreasing,True,0.0,-11.687979073971936,-0.7929292929292929,-3925.0,112714.33333333333,-426.52083333333337,21398.281250000004
MW-18s,no trend,False,1.0,0.0,0.03571428571428571,1.0,64.33333333333333,0.1,7.65
MW-19,increasing,True,0.030069116187555034,2.1691787448050825,0.4909090909090909,27.0,143.66666666666666,0.16666666666666666,1.1666666666666667
MW-20,no trend,False,0.08942935902899363,-1.6984155512168937,-1.0,-6.0,8.666666666666666,-60.0,98.5
MW-21,no trend,False,0.54029137460742,-0.6123724356957945,-0.6666666666666666,-2.0,2.6666666666666665,-2.5,4.5
MW-22,decreasing,True,0.0,-11.794613558163386,-0.7512642225031606,-4754.0,162393.33333333334,-84.47214854111405,8450.440318302386
MW-23,decreasing,True,0.0,-9.276434932051831,-0.8080380750925437,-1528.0,27096.666666666668,-48.206896551724135,2010.310344827586
MW-24,decreasing,True,0.0,-10.696625176585458,-0.8489448352462051,-2293.0,45913.0,-738.2121212121212,28929.742424242424
MW-25d,decreasing,True,0.0,-8.710876068310679,-0.7588577472236911,-1435.0,27100.333333333332,-30.75,1456.375
MW-25s,decreasing,True,0.00012714024299742555,-3.831933241271287,-0.33128520225294417,-647.0,28420.333333333332,-16.263157894736842,794.1578947368421
MW-26,decreasing,True,1.0231699820728579e-07,-5.322560039049336,-0.6417112299465241,-360.0,4549.333333333333,-7.764705882352941,213.61764705882354
MW-27,decreasing,True,8.989871069786659e-10,-6.126383955066814,-0.7763440860215054,-361.0,3453.0,-2.35,63.25
MW-28,no trend,False,0.18774649005313337,-1.3172749162387694,-0.25,-30.0,484.6666666666667,-0.3875,6.90625
MW-29,no trend,False,0.6962153512437399,-0.3904344047215152,-0.10909090909090909,-6.0,164.0,-36.111111111111114,910.5555555555555
MW-2d,decreasing,True,0.0,-12.375877537471524,-0.7675544794188862,-5389.0,189541.0,-1645.1612903225807,110064.51612903226
MW-2s,decreasing,True,3.8187231155006884e-12,-6.943735347710936,-0.7161616161616161,-709.0,10396.333333333334,-1.924857142857143,45.646857142857144
MW-30d,no trend,False,0.11245603331349874,-1.5872500055334549,-0.12120253164556961,-383.0,57921.0,-6.053191489361702,934.6010638297872
MW-30i,no trend,False,0.2068273724956715,1.2623374885344052,0.3333333333333333,15.0,123.0,0.18333333333333335,1.7249999999999996
MW-31,decreasing,True,0.001324148095075417,-3.2106940990157855,-0.2948051948051948,-454.0,19906.666666666668,-0.25,36.875
MW-32,decreasing,True,1.0436096431476471e-14,-7.73272189273521,-0.5606060606060606,-2146.0,76946.66666666667,-4.782608695652174,283.04347826086956
MW-33,no trend,False,0.2723409330621456,1.097687584327565,0.38095238095238093,8.0,40.666666666666664,1.5,0.5
MW-34d,no trend,False,0.07707287670033547,-1.7679283854997374,-0.31666666666666665,-38.0,438.0,-0.10555555555555556,2.7916666666666665
MW-34s,no trend,False,1.0,0.0,1.0,1.0,1.0,2.0,1.0
MW-35,decreasing,True,0.0003327085026649801,-3.588403964697352,-0.33889695210449927,-467.0,16864.333333333332,-0.1111111111111111,6.888888888888889
MW-36,no trend,False,0.2962698714842864,-1.044465935734187,-1.0,-3.0,3.6666666666666665,-8.0,16.0
MW-37,decreasing,True,0.0,-9.638785232254905,-0.6677631578947368,-3045.0,99734.33333333333,-23.304953560371516,1455.985294117647
MW-38d,decreasing,True,0.0,-12.24410999671178,-0.8394698085419735,-3990.0,106138.66666666667,-8.969696969696969,618.030303030303
MW-39d,decreasing,True,4.440892098500626e-16,-8.142868265375977,-0.5186472819216182,-3282.0,162352.0,-2.544374120956399,335.48495077355835
MW-39s,decreasing,True,0.0,-8.520233481603473,-0.6068376068376068,-2485.0,84996.33333333333,-1.15,79.75
MW-3d,decreasing,True,0.007438237755603927,-2.676559408405681,-0.36752136752136755,-129.0,2287.0,-0.4,12.2
MW-3s,no trend,False,1.0,0.0,1.0,1.0,1.0,4.0,1.0
MW-400 Clarendon,no trend,False,1.0,0.0,0.1,1.0,15.666666666666666,0.125,1.75
MW-40d,no trend,False,0.7728299926844475,0.2886751345948129,0.2,2.0,12.0,0.0,2.0
MW-40s,no trend,False,0.4330034026282803,0.784062560233975,0.2857142857142857,6.0,40.666666666666664,0.2,1.4
MW-41d,no trend,False,0.9761606897860122,0.029882591291982584,0.0024623803009575923,9.0,71671.0,0.0,36.0
MW-41s,increasing,True,2.3314683517128287e-14,7.631399496577056,0.5683220687628563,1934.0,64158.666666666664,0.2,7.799999999999999
MW-43,no trend,False,0.08942935902899363,1.6984155512168937,1.0,6.0,8.666666666666666,1.4166666666666665,0.875
MW-44,no trend,False,0.54029137460742,-0.6123724356957945,-0.6666666666666666,-2.0,2.6666666666666665,-1.0,2.0
MW-45d,decreasing,True,0.0,-9.161738164798292,-0.6122215876641919,-3216.0,123142.0,-34.96774193548387,3216.3548387096776
MW-45s,decreasing,True,2.970594881190891e-10,-6.300305571419371,-0.48974709501025293,-1433.0,51661.0,-1.2709239130434784,112.29510869565217
MW-46,decreasing,True,7.327471962526033e-15,-7.777528272833566,-0.6717869943676396,-1312.0,28413.333333333332,-12.064516129032258,576.0
MW-47d,decreasing,True,0.022614700538547305,-2.279881786972045,-0.6785714285714286,-19.0,62.333333333333336,-0.6190476190476191,5.666666666666667
MW-47s,no trend,False,1.0,0.0,0.0,0.0,0.0,0.0,1.0
MW-48,decreasing,True,0.0,-8.795686837873776,-0.793708408953418,-1312.0,22216.0,-10.5625,443.03125
MW-49,no trend,False,0.12985462669250092,-1.5146754018712087,-0.2833333333333333,-34.0,474.6666666666667,-0.30952380952380953,5.821428571428571
MW-4d,decreasing,True,1.4235909953086434e-06,-4.82167311196225,-0.32554455445544556,-1644.0,116112.66666666667,-11.443196405648267,1779.1598202824134
MW-4s,no trend,False,0.4545794219685815,-0.7478022877859496,-0.08250355618776671,-58.0,5810.0,0.0,3.0
MW-50,decreasing,True,7.027631951439517e-05,-3.9753483313766003,-0.18626568789959744,-3933.0,978310.3333333334,-2.120567375886525,781.3581560283687
MW-52d,no trend,False,0.4538299664161469,-0.7490451937567428,-0.2222222222222222,-8.0,87.33333333333333,-0.26785714285714285,3.071428571428571
MW-52i,no trend,False,1.0,0.0,0.0,0.0,694.0,0.0,10.5
MW-52s,decreasing,True,5.415667914121514e-13,-7.214414906939981,-0.63954802259887,-1132.0,24576.666666666668,-23.09038737446198,1462.6664275466283
MW-53d,decreasing,True,3.980890816990268e-08,-5.491697382139531,-0.4949201741654572,-682.0,15377.333333333334,-0.06666666666666667,3.7333333333333334
MW-53i,decreasing,True,0.0,-13.685221863166637,-0.598232960692391,-16589.0,1469211.6666666667,-0.4874564752275874,121.77613583924152
MW-53s,no trend,False,0.4109480267103225,0.822226451793038,0.3333333333333333,5.0,23.666666666666668,0.2,1.0
MW-54d,increasing,True,1.8193397316901283e-05,4.285981689941494,0.3224932249322493,1071.0,62325.666666666664,0.55,6.224999999999998
MW-54s,no trend,False,1.0,0.0,-0.1,-1.0,15.666666666666666,-0.5,3.0
MW-55,increasing,True,3.368477299514616e-05,4.147008385605018,0.5443349753694581,221.0,2814.3333333333335,1.0,-8.0
MW-56d,no trend,False,0.5275190428990597,0.6317977517911877,0.16363636363636364,9.0,160.33333333333334,0.25,2.75
MW-56s,decreasing,True,0.0,-9.406267458460906,-0.736140350877193,-2098.0,49700.666666666664,-7.136645962732919,384.12422360248445
MW-57,decreasing,True,2.2080627312126566e-05,-4.2427409421067654,-0.42645698427382056,-461.0,11755.0,-0.11304347826086956,5.6
MW-58d,increasing,True,7.67901814349159e-05,3.9542030349870556,0.44129554655870445,327.0,6797.0,0.42857142857142855,3.8571428571428577
MW-58s,decreasing,True,0.0,-11.20283297937388,-0.5876570583887657,-7951.0,503591.6666666667,-9.039936440677966,1688.274788135593
MW-59d,no trend,False,1.0,0.0,0.06666666666666667,1.0,28.333333333333332,0.2,28.5
MW-59s,no trend,False,0.47010075987412847,-0.7223151185146152,-0.5,-3.0,7.666666666666667,-0.41666666666666663,3.125
MW-5d,decreasing,True,1.5307382488005672e-05,-4.324218067001563,-0.30649784997611085,-1283.0,87894.33333333333,-307.6585365853658,32018.963414634145
MW-5s,no trend,False,0.7340951823194757,-0.3396831102433787,-0.3333333333333333,-2.0,8.666666666666666,-10.916666666666666,47.875
MW-60,decreasing,True,8.411555896259415e-10,-6.136959976330399,-0.6333333333333333,-627.0,10405.0,-0.6666666666666666,32.666666666666664
MW-61d,no trend,False,0.15307040834437258,1.4287697999434283,0.18783068783068782,71.0,2400.3333333333335,0.02509803921568627,2.6611764705882353
MW-61s,decreasing,True,8.881784197001252e-16,-8.055226533760868,-0.6783216783216783,-1455.0,32581.666666666668,-0.609375,51.8046875
MW-63i,no trend,False,1.0,0.0,-1.0,-1.0,1.0,-11.0,14.0
MW-64,decreasing,True,0.0,-14.574522944079128,-0.8812903225806452,-6830.0,219546.0,-15.074175824175825,1170.598901098901
MW-65d,decreasing,True,0.0,-8.865112063093624,-0.8847517730496454,-998.0,12648.0,-4.204166666666667,133.29791666666665
MW-65i,decreasing,True,1.3013451258814257e-06,-4.839548376422476,-0.5307692307692308,-414.0,7282.666666666667,-5.493243243243244,111.61824324324326
MW-65s,decreasing,True,2.220446049250313e-16,-8.191052315876835,-0.8780487804878049,-756.0,8496.0,-1.8181818181818181,67.27272727272728
MW-66,no trend,False,0.05744839252935807,-1.8998836316436385,-0.18170731707317073,-149.0,6068.333333333333,0.0,2.0
MW-68,no trend,False,0.07150541644487451,-1.8022542275583318,-0.6190476190476191,-13.0,44.333333333333336,-7.5,43.5
MW-69,no trend,False,0.6985353583033387,-0.3872983346207417,-0.3333333333333333,-2.0,6.666666666666667,-0.3333333333333333,3.5
MW-71,increasing,True,5.862843543980034e-11,6.54719341893937,0.5856224430157803,1002.0,23375.333333333332,36.75,-123.75
MW-72d,decreasing,True,1.27720056752878e-12,-7.096755508468049,-0.5408227848101266,-1709.0,57923.666666666664,-36.1125,4298.94375
MW-72s,decreasing,True,0.0,-10.673096866179417,-0.9216589861751152,-1800.0,28410.666666666668,-2.9166666666666665,126.41666666666666
MW-75,no trend,False,0.3049326423359382,1.02591289825176,0.10204081632653061,120.0,13454.666666666666,4.252173913043478,457.9478260869565
MW-76d,increasing,True,7.149166101338977e-07,4.957267103251078,0.5700757575757576,301.0,3662.3333333333335,0.06666666666666667,0.9333333333333333
MW-76i,increasing,True,0.0,8.647649245051506,0.5373026220483847,3709.0,183858.33333333334,0.8631578947368421,41.00526315789474
MW-76s,increasing,True,0.0,8.878724347097732,0.5148700939745716,4657.0,274995.0,1.7345132743362832,143.78761061946904
MW-77,increasing,True,0.0,8.684991773149886,0.6987480438184663,1786.0,42241.333333333336,27.70294117647059,212.04558823529408
MW-78,decreasing,True,4.108491324927854e-12,-6.933400508895993,-0.6984273820536541,-755.0,11826.333333333334,-0.7777777777777778,53.888888888888886
MW-79d,decreasing,True,0.04811755037961607,-1.9763287947690316,-0.20718816067653276,-196.0,9735.333333333334,-0.346875,18.4578125
MW-79s,decreasing,True,0.0024017202786859038,-3.0354562964936784,-0.19616346955796496,-1176.0,149840.0,-2.057142857142857,514.6142857142856
MW-81,increasing,True,0.008570063969354669,2.628744832371771,0.18536699392239364,793.0,90772.33333333333,1.507699597251836,290.64581852641555
MW-82d,no trend,False,0.37109336952269745,0.8944271909999159,0.5,3.0,5.0,0.16666666666666666,1.75
MW-82s,increasing,True,0.0,9.58513927046753,0.967622571692877,1046.0,11886.0,4.25,-47.75
MW-83s,increasing,True,9.021385866647691e-05,3.915508519797966,0.3788235294117647,483.0,15153.666666666666,5.790697674418604,205.2325581395349
MW-84d,no trend,False,0.54029137460742,0.6123724356957945,0.6666666666666666,2.0,2.6666666666666665,0.5,1.5
MW-84s,decreasing,True,3.311468319999733e-06,-4.650490293187515,-0.2683555173894375,-2500.0,288758.6666666667,-1.7034143518518519,305.8321759259259
MW-85,decreasing,True,2.0016287094470897e-07,-5.199186261526584,-0.3211484593837535,-2293.0,194338.33333333334,-7.5411483253588525,2006.6983253588517
MW-87d,no trend,False,0.14881324773206273,-1.4437360108351982,-0.10191678354371202,-436.0,90782.66666666667,-0.7362240289069557,628.8663053297199
MW-87s,increasing,True,5.624808008741766e-05,4.028022005385492,0.2762465811066695,1313.0,106092.33333333333,6.5,171.75
MW-88,decreasing,True,1.230217840841874e-05,-4.372162710519058,-0.28654558278963144,-1625.0,137968.33333333334,-2.5,478.5
MW-89,no trend,False,0.9113919540877395,-0.11128297681493145,-0.03296703296703297,-3.0,323.0,0.0,2.8
MW-8d,no trend,False,1.0,0.0,0.0,0.0,1746.0,0.0,3.0
MW-8s,decreasing,True,1.0822478397898294e-06,-4.876061674840773,-0.7947368421052632,-151.0,946.3333333333334,-13.369047619047619,151.00595238095238
MW-90,increasing,True,0.005818628095726197,2.757830946222463,0.2116196040246673,652.0,55722.0,0.24390243902439024,17.48780487804878
MW-91,increasing,True,4.047429058573471e-12,6.935519081772432,0.7752489331436699,545.0,6152.333333333333,6.482758620689655,-100.43103448275862
MW-92,increasing,True,1.7763568394002505e-15,7.9501505746278305,0.6459627329192547,1560.0,38454.0,0.23684210526315788,12.828947368421053
MW-93,decreasing,True,0.0006514896124747427,-3.409219818230606,-0.3395390070921986,-383.0,12555.0,-0.14999999999999997,8.524999999999999
MW-94d,increasing,True,0.002313633243388624,3.0467067261224865,0.47368421052631576,90.0,853.3333333333334,0.07032967032967033,1.331868131868132
MW-94s,decreasing,True,1.0263976335522784e-09,-6.105250216333261,-0.5412429378531074,-958.0,24570.666666666668,-46.0,2097.0
MW-95,decreasing,True,0.0,-8.312579224643292,-0.8803986710963455,-795.0,9123.666666666666,-4.176470588235294,165.7058823529412
MW-96,decreasing,True,1.9342779260522747e-06,-4.76017226440471,-0.5038759689922481,-455.0,9096.333333333334,-15.0,455.0
MW-98d,increasing,True,2.318145675417327e-13,7.328993932205303,0.815114709851552,604.0,6769.333333333333,0.35294117647058826,3.2941176470588234
MW-98s,no trend,False,0.3081795474670539,1.0190493307301363,0.6666666666666666,4.0,8.666666666666666,0.8666666666666669,1.1999999999999997
MW-9d,no trend,False,1.0,0.0,-0.3333333333333333,-1.0,3.6666666666666665,-6.5,21.5
MW-BE-1d,increasing,True,1.6424883675369983e-10,6.391516317450573,0.4164070612668744,2406.0,141586.66666666666,1.0,-41.5
MW-BE-1s,increasing,True,0.0,11.009656543251836,0.6857887874837028,4734.0,184810.0,6.2465753424657535,-278.9246575342466
MW-KD-1d,increasing,True,0.0,10.937113776167712,0.7574561403508772,3454.0,99675.33333333333,2.8181818181818183,-18.363636363636374
MW-KD-1s,increasing,True,0.0,8.817285110451008,0.6073883161512027,2828.0,102797.33333333333,0.6298833079654997,1.7656012176560125
MW-KZ-1,decreasing,True,0.007014583882081649,-2.6961511028187513,-0.7857142857142857,-22.0,60.666666666666664,-0.775,5.2125
Maple-Inj,decreasing,True,0.0,-11.653978698290855,-0.2556059103998489,-108290.0,86341630.66666667,-0.005376344086021506,13.473118279569892
NMW-1d,decreasing,True,0.0,-8.345916213459317,-0.8626262626262626,-854.0,10446.0,-110.0,3752.0
NMW-1s,decreasing,True,3.518648769196275e-05,-4.137007327759995,-0.3261261261261261,-905.0,47749.0,-36.888888888888886,3501.8888888888887
NMW-2d,decreasing,True,2.220446049250313e-16,-8.163986784730778,-0.8338164251207729,-863.0,11148.333333333334,-84.0,3197.5
NMW-2s,decreasing,True,0.0,-8.81320365783421,-0.6990003702332469,-1888.0,45843.333333333336,-76.25,5635.625
NMW-3d,decreasing,True,2.353672812205332e-13,-7.326957500906887,-0.7575757575757576,-750.0,10450.0,-52.03846153846154,2756.846153846154
NMW-3s,decreasing,True,9.415754065322801e-08,-5.337652805457884,-0.5393154486586494,-583.0,11889.0,-44.41860465116279,2091.6279069767443
OUTFALL,increasing,True,0.0,18.26718093528403,0.16225017937901312,2461625.0,18159353129.0,0.00016806722689075644,4.5371428571428565
OUTFALL-BYPASS,no trend,False,1.0,0.0,1.0,1.0,1.0,1.0,1.0
PMW-1,decreasing,True,0.0,-8.309129624991138,-0.8390379278445883,-907.0,11889.0,-128.44444444444446,3527.2222222222226
PMW-2,decreasing,True,4.6718342083806874e-08,-5.463368484236537,-0.5584541062801932,-578.0,11154.0,-392.3076923076923,13916.423076923078
PMW-3,decreasing,True,6.661338147750939e-16,-8.089020230951638,-0.816836262719704,-883.0,11889.0,-524.2903225806451,26358.677419354837
PMW-4,decreasing,True,3.9777043227884334e-05,-4.108770896186244,-0.42525252525252527,-421.0,10449.0,-40.73232323232323,2058.1111111111113
PW-1,decreasing,True,0.0,-28.713231573071102,-0.8530688932026724,-109424.0,14522891.333333334,-25.54,9551.619999999999
PW-2,no trend,False,0.22955621387891956,-1.2015028183722212,-0.42857142857142855,-9.0,44.333333333333336,-56.5,1723.5
REDSKIN,decreasing,True,0.0,-17.569308762302477,-0.8942528735632184,-13615.0,600429.6666666666,-85.1063829787234,20104.255319148935
Red Pond,decreasing,True,0.0,-47.16023444508114,-0.8437110075443945,-816827.0,299990288.3333333,-2.657347799259564,2766.6853943850265
SW-1M,no trend,False,0.18794742708409018,-1.3166754769161668,-0.3090909090909091,-17.0,147.66666666666666,-0.16666666666666666,2.833333333333333
SW-2M,no trend,False,0.5007694607911646,-0.6732795493118078,-0.14285714285714285,-13.0,317.6666666666667,-0.07692307692307693,3.5
SW-3M,no trend,False,0.4612636664365368,-0.7367676380396514,-0.15384615384615385,-14.0,311.3333333333333,0.0,2.0
SW-COMB,decreasing,True,0.0,-10.47495798965658,-0.5154965211891208,-8965.0,732317.0,-2.9393939393939394,1047.3636363636365
Saginaw Forest Cabin #1,increasing,True,0.03786536410127761,2.0763091877191755,0.20999074930619796,227.0,11847.666666666666,0.25,12.25
Saginaw Forest Cabin #2,decreasing,True,0.026399148749271406,-2.2202891090278745,-0.24924924924924924,-166.0,5522.666666666667,-0.038461538461538464,3.6923076923076925
Smith Ponds,no trend,False,1.0,0.0,0.0,0.0,0.0,0.0,1.0
TRANS,no trend,False,0.1739283952620665,1.3596888902849804,0.07974481658692185,700.0,264286.6666666667,0.25774512935164484,562.9888214627914
TRANS-HZ,no trend,False,0.511220344688192,-0.6569386817416307,-0.14285714285714285,-13.0,333.6666666666667,-10.428571428571429,1282.2857142857142
TW-1,decreasing,True,0.0,-26.912728618674713,-0.9346288728516361,-64495.0,5742793.0,-45.37905861269239,11944.815372654439
TW-10,decreasing,True,0.0,-14.260237847524582,-0.6583653760171689,-14725.0,1066100.3333333333,-41.87705802968961,8306.529622132253
TW-11,decreasing,True,0.0,-17.030967705996687,-0.8643506493506493,-13311.0,610769.6666666666,-9.545454545454545,1302.2272727272725
TW-12,decreasing,True,0.0,-14.669907440068306,-0.8906372934697089,-6792.0,214295.33333333334,-2.06,230.19
TW-13,decreasing,True,6.958079594721056e-07,-4.962530052987038,-0.28216818642350555,-2785.0,314725.6666666667,-2.661515863689777,831.3061104582844
TW-14,decreasing,True,0.0,-16.03510717378442,-0.8490146461160953,-11072.0,476683.3333333333,-10.325203252032521,1075.178861788618
TW-15,increasing,True,0.0,13.082359549769162,0.8653846153846154,4725.0,130391.0,1.2857142857142858,62.14285714285714
TW-16,decreasing,True,0.00020045841786808793,-3.7184380752406203,-0.4804597701149425,-209.0,3129.0,-6.538461538461538,964.8076923076923
TW-17,decreasing,True,1.842535928275879e-07,-5.214560468638911,-0.35207920792079206,-1778.0,116128.66666666667,-2.037087912087912,270.85439560439556
TW-18,decreasing,True,0.0,-14.468658856263374,-0.7439284485724115,-10813.0,558413.0,-1.7391304347826086,456.82608695652175
TW-19,decreasing,True,0.0,-10.372220555745606,-0.36418127327218236,-24060.0,5380364.0,-0.6010013984616922,913.0817538207971
TW-20,decreasing,True,0.0,-12.07000347677803,-0.636900704385367,-8409.0,485255.6666666667,-12.716049382716049,2008.0
TW-21,increasing,True,0.0006044035728809405,3.429630560678172,0.21617086193745233,1417.0,170463.66666666666,0.6,125.80000000000001
TW-22,decreasing,True,1.5276668818842154e-13,-7.384681649743443,-0.48130841121495327,-2781.0,141718.33333333334,-2.1621621621621623,645.6756756756756
TW-23,no trend,False,0.5148781266883535,0.6512608335554341,0.08266129032258064,41.0,3772.3333333333335,0.9761904761904762,454.8690476190476
TW-28,increasing,True,0.045714364714747324,1.9980211729596202,0.45454545454545453,30.0,210.66666666666666,10.0,640.0
TW-3,decreasing,True,0.0,-20.44722376792165,-0.9394936597779825,-21412.0,1096491.3333333333,-15.652173913043478,2918.9565217391305
TW-4,decreasing,True,0.0001004082237381354,-3.889603295574452,-0.2909197766676462,-990.0,64652.0,-41.6,5905.6
TW-5,decreasing,True,0.0,-20.956280496321597,-0.8672394276260412,-29879.0,2032706.3333333333,-14.914285714285715,3261.7714285714287
TW-6,decreasing,True,0.0,-19.281266157601433,-0.8923042202663056,-19769.0,1051125.0,-60.935483870967744,10981.225806451614
TW-8,decreasing,True,6.602750094852894e-05,-3.990164444640229,-0.16326360761249514,-5885.0,2174521.6666666665,-0.6785714285714286,780.9285714285714
TW-9,decreasing,True,0.0,-20.357692691122182,-0.905750057964294,-23439.0,1325513.0,-18.40200015152663,3836.1270171982724
Third Sister Lake,no trend,False,0.14856177489186861,-1.4446302370292303,-0.8333333333333334,-5.0,7.666666666666667,-1.4083333333333332,7.6625
Tributary/Jackson Rd,no trend,False,0.08942935902899363,1.6984155512168937,1.0,6.0,8.666666666666666,0.6583333333333332,1.6625000000000005
Tributary/Outfall,no trend,False,1.0,0.0,0.3333333333333333,1.0,3.6666666666666665,1.6500000000000001,-0.050000000000000044
Tributary/Park Rd,no trend,False,0.08641073297370006,1.7146428199482247,0.8,8.0,16.666666666666668,0.5125,2.375
Varsity Ford,no trend,False,0.2415665869689727,-1.1710800875382399,-0.3333333333333333,-5.0,11.666666666666666,0.0,3.0
Weber's Drain 1st Sister Lake,no trend,False,1.0,0.0,-1.0,-1.0,1.0,-19.0,249.0
Weber's Heat Pump Drain,no trend,False,1.0,0.0,-1.0,-1.0,1.0,-2.0,272.0
