,Unnamed: 0,Unnamed: 0.1,WellName,y_pred_1_date,y_pred_1_value,y_ture_1_date,y_true_1_value,y_pred_2_date,y_pred_2_value,y_ture_2_date,y_true_2_value,y_pred_3_date,y_pred_3_value,y_ture_3_date,y_true_3_value,y_pred_4_date,y_pred_4_value,y_ture_4_date,y_true_4_value,y_pred_5_date,y_pred_5_value,y_ture_5_date,y_true_5_value,rmse,rec_y_pred_1_date,rec_y_pred_1_value,rec_y_pred_2_date,rec_y_pred_2_value,rec_y_pred_3_date,rec_y_pred_3_value,rec_y_pred_4_date,rec_y_pred_4_value,rec_y_pred_5_date,rec_y_pred_5_value,rec_rmse
0,0,0,MW-112d,2016-12-31,0.5,2017,0.625,2017-12-31,0.5,2018,0.8,2018-12-31,0.5,2019,0.5,2019-12-31,0.5,2020,0.75,2020-12-31,0.5,2020-11-04,0.5,0.033625,2015-12-31,0.0,2016-12-31,0.0,2017-12-31,0.0,2018-12-31,0.0,2019-12-31,0.0,0.0
1,1,1,MW-61d,2016-12-31,1.3372380696611188,2017,5.4,2017-12-31,1.4137545874425652,2018,6.5,2018-12-31,1.4902711052240112,2019,6.3,2019-12-31,1.5667876230054572,2020,9.25,2020-12-31,2.3888081062045865,2020-12-14,10.0,36.49428268295894,2015-12-31,0.0,2016-12-31,0.0,2017-12-31,0.0,2018-12-31,0.0,2019-12-31,0.0,17.715527662464858
2,2,2,MW-42s,2016-12-31,0.5,2017,0.5,2017-12-31,0.5,2018,0.5,2018-12-31,0.5,2019,0.5,2019-12-31,0.5,2020,0.5,2020-12-31,0.5,2020-08-07,0.5,0.0,2015-12-31,0.0,2016-12-31,0.0,2017-12-31,0.0,2018-12-31,0.0,2019-12-31,0.0,0.0
4,4,4,593 Allison,2011-12-31,657.7045211194187,2012,376.5,2012-12-31,726.3948860899094,2013,330.0,2013-12-31,795.7751897310609,2014,200.0,2014-12-31,865.5718154650684,2015,135.0,2015-12-31,935.538620668596,2015-11-23,160.0,345269.658963158,2015-12-31,410.0,2016-12-31,386.0,2017-12-31,363.0,2018-12-31,340.0,2019-12-31,317.0,7375.833063768179
5,5,5,AMW-1,2016-12-31,330.0,2017,300.0,2017-12-31,330.0,2018,320.0,2018-12-31,330.0,2019,340.0,2019-12-31,330.0,2020,250.0,2020-12-31,330.0,2020-08-21,250.0,2780.0,2015-12-31,376.5675400106149,2016-12-31,376.5675400106149,2017-12-31,376.5675400106149,2018-12-31,376.5675400106149,2019-12-31,376.5675400106149,16.066570285905595
6,6,6,MW-84s,2017-12-31,186.9200045413164,2018,48.80833333333333,2018-12-31,294.86642312268515,2019,71.47500000000001,2019-12-31,402.81284169763416,2020,225.3333333333333,,,,,,,,,,2015-12-31,506.6242659257285,2016-12-31,512.2842723223151,2017-12-31,518.1547956378819,2018-12-31,524.235170885597,2019-12-31,530.5247221115837,156747.0811407363
7,7,7,MW-82d,2012-12-31,1.3312702455692491,2013,0.5,2013-12-31,1.7079156896559209,2014,2.0,2014-12-31,2.069722372269425,2015,2.0,2015-12-31,2.4051612309219608,2016,0.5,2016-12-31,2.793909066411328,2016-09-12,0.5,1.9345685590969968,2015-12-31,0.0,2016-12-31,0.0,2017-12-31,0.0,2018-12-31,0.0,2019-12-31,0.0,0.0
8,8,8,2950 Valley,2007-12-31,0.5,2007-08-09,0.5,2008-12-31,0.5,2007-08-09,0.5,2009-12-31,0.5,2012-01-09,0.5,2010-12-31,0.5,2012-01-09,0.5,2011-12-31,0.5,2012,0.5,0.0,2015-12-31,0.0,2016-12-31,0.0,2017-12-31,0.0,2018-12-31,0.0,2019-12-31,0.0,0.0
9,9,9,MW-BE-1s,2016-12-31,347.1198543830203,2017,787.5,2017-12-31,370.6401593721496,2018,730.0,2018-12-31,568.6531861795472,2019,710.0,2019-12-31,781.6200648811824,2020,652.5,2020-12-31,880.7107222555913,2020-10-22,650.0,82590.50360110348,2015-12-31,637.8925702576405,2016-12-31,665.5392189346135,2017-12-31,693.2072053525922,2018-12-31,720.9610360194762,2019-12-31,748.8007109352661,5736.596986941916
10,10,10,MW-62d,2016-12-31,0.5,2017,0.5,2017-12-31,0.5,2018,0.5,2018-12-31,0.5,2019,0.5,2019-12-31,0.5,2020,0.5,2020-12-31,0.5,2020-11-20,0.5,0.0,2015-12-31,0.0,2016-12-31,0.0,2017-12-31,0.0,2018-12-31,0.0,2019-12-31,0.0,0.0
11,11,11,2652 Dexter Rd,2007-12-31,0.5,2008,15.5,2008-12-31,0.5,2009,17.0,2009-12-31,0.5,2010,17.5,2010-12-31,0.5,2011,1.25,2011-12-31,0.5,2011-11-08,0.5,157.3625,2015-12-31,541.993303698295,2016-12-31,444.56558648859215,2017-12-31,196.4928153595741,2018-12-31,187.7879798362732,2019-12-31,182.81640611631485,145522.6754368052
12,12,12,MW-87s,2013-12-31,2093.0008221758567,2014,747.5,2014-12-31,2939.978384717949,2015,1002.5,2015-12-31,3783.1447371076138,2016,845.0,2016-12-31,4622.691127319318,2017,470.0,2017-12-31,5458.817973933029,2017-02-02,470.0,11266007.565174438,2015-12-31,432.7149545909176,2016-12-31,492.063509240888,2017-12-31,563.8878405181445,2018-12-31,710.6935675158536,2019-12-31,1004.06608752743,50145.393640971175
13,13,13,IW-2,2016-12-31,2620.458463479505,2017,360.0,2017-12-31,3432.8176696920714,2018,365.0,2018-12-31,3779.481401653191,2019,1062.0,2019-12-31,4576.833312048103,2020,1750.0,2020-12-31,5367.219376971723,2020-11-18 00:00:00,1700.0,8669073.484172747,2015-12-31,315.9583631313697,2016-12-31,508.2166567048559,2017-12-31,361.46112875322257,2018-12-31,558.2477991328223,2019-12-31,340.87110834019614,9633.655455449449
14,14,14,MW-41s,2016-12-31,23.0,2017,17.0,2017-12-31,24.0,2018,18.0,2018-12-31,25.0,2019,17.0,2019-12-31,25.0,2020,17.0,2020-12-31,26.0,2020-12-16,15.0,64.2,2015-12-31,18.786569065541723,2016-12-31,18.89556827373848,2017-12-31,19.001913826176644,2018-12-31,19.10684688595341,2019-12-31,19.210513949904573,1.2306108846789745
16,16,16,4470 Jackson Rd,2015-12-31,0.5,2016,0.5,2016-12-31,0.5,2017,0.5,2017-12-31,0.5,2018,0.5,2018-12-31,0.5,2019,0.5,2019-12-31,0.5,2020,0.5,0.0,2015-12-31,0.0,2016-12-31,0.0,2017-12-31,0.0,2018-12-31,0.0,2019-12-31,0.0,0.0
17,17,17,MW-47d,2011-12-31,0.5,2012,0.5,2012-12-31,0.5,2013,0.5,2013-12-31,0.5,2014,0.5,2014-12-31,0.5,2015,0.5,2015-12-31,0.5,2015-11-13,0.5,0.0,2015-12-31,0.0,2016-12-31,0.0,,,,,,,
18,18,18,MW-107,2016-12-31,705.3479750349544,2017,752.5,2017-12-31,870.4184342525499,2018,727.5,2018-12-31,1039.0642117991288,2019,720.0,2019-12-31,1211.800807803543,2020,675.0,2020-12-31,1389.134785374604,2020-10-21,670.0,185952.1820705636,2015-12-31,519.6855353446457,2016-12-31,633.0282635243706,2017-12-31,792.598829127759,2018-12-31,1009.5087176982788,2019-12-31,1290.130314704783,94561.66689580704
19,19,19,TW-4,2016-12-31,34.99999999999999,2017,47.0,2017-12-31,34.99999999999999,2018,49.5,2018-12-31,34.99999999999999,2019,40.0,2019-12-31,34.99999999999999,2020,40.5,2020-12-31,34.99999999999999,2020-11-17,43.0,94.70000000000012,2015-12-31,42.52046368615314,2016-12-31,42.52046368615314,2017-12-31,42.52046368615314,2018-12-31,42.52046368615314,2019-12-31,42.52046368615314,25.29470142478776
20,20,20,MW-53i,2016-12-31,40.52803538870245,2017,53.46153846153846,2017-12-31,42.28963992615306,2018,51.583333333333336,2018-12-31,44.05124446360365,2019,47.25,2019-12-31,45.81284900105426,2020,35.416666666666664,2020-12-31,47.5792798523061,2020-12-03,63.0,121.95189857333526,2015-12-31,50.70525411961609,2016-12-31,50.70525411961609,2017-12-31,50.70525411961609,2018-12-31,50.70525411961609,2019-12-31,50.70525411961609,0.4359141383929893
21,21,21,TW-3,2016-12-31,0.5,2017,0.75,2017-12-31,0.5,2018,4.35,2018-12-31,0.5,2019,41.0,2019-12-31,0.5,2020,42.5,2020-12-31,0.5,2020-11-23,42.0,1028.277,2015-12-31,0.0,2016-12-31,0.0,2017-12-31,0.0,2018-12-31,0.0,2019-12-31,0.0,351.7412979094338
22,22,22,4141 Jackson Rd,2015-12-31,5.859855233157017,2016,3.5,2016-12-31,5.746871302697215,2017,3.0,2017-12-31,5.6426009825353125,2018,1.5,2018-12-31,5.5460940161570464,2019,3.0,2019-12-31,5.456552069537236,2020,2.0,9.74114170481509,2015-12-31,4.78399830318606,2016-12-31,4.78399830318606,2017-12-31,4.78399830318606,2018-12-31,4.78399830318606,2019-12-31,4.78399830318606,2.401687448931737
23,23,23,MW-100,2016-12-31,3378.728020768496,2017,2325.0,2017-12-31,4333.466791472165,2018,2250.0,2018-12-31,5449.2687119687325,2019,2125.0,2019-12-31,6529.936960664869,2020,2150.0,2020-12-31,8060.657062905433,2020-10-28,2200.0,14006617.614135165,2015-12-31,2270.9813494607283,2016-12-31,3837.803427643066,2017-12-31,5957.524711233153,2018-12-31,16175.515923606668,,,
25,25,25,MW-9d,2005-12-31,7.216464865359235,2006,0.5,2006-12-31,7.063076971252034,2007,0.5,2007-12-31,6.693748890896348,2008,0.5,2008-12-31,6.127440991521134,2009,0.5,2009-12-31,5.399047688610451,2010,0.5,36.44323306199907,2015-12-31,0.0,2016-12-31,0.0,2017-12-31,0.0,2018-12-31,0.0,2019-12-31,0.0,0.0
26,26,26,MW-106s,,,,,,,,,,,,,,,,,,,,,,2015-12-31,193.6996337436255,2016-12-31,193.6996337436255,2017-12-31,193.6996337436255,2018-12-31,193.6996337436255,2019-12-31,193.6996337436255,1442.420604029263
27,27,27,MW-15d,2016-12-31,3.241045010925741,2017,0.5,2017-12-31,13.397796229350108,2018,0.5,2018-12-31,58.98193426090986,2019,0.5,2019-12-31,195.8267121274676,2020,1.4,2020-12-31,616.2721096528795,2020-08-11,1.4,83892.6921455806,2015-12-31,0.0,2016-12-31,0.0,2017-12-31,0.0,2018-12-31,0.0,2019-12-31,0.0,1.8765557089108893
28,28,28,MW-KZ-1,2007-12-31,0.5,2008,0.5,2008-12-31,0.5,2009,0.5,2009-12-31,0.5,2010,0.5,2010-12-31,0.5,2011,0.5,2011-12-31,0.5,2011-11-15,0.5,0.0,2015-12-31,0.0,2016-12-31,0.0,2017-12-31,0.0,2018-12-31,0.0,2019-12-31,0.0,0.0
29,29,29,MW-76i,2016-12-31,89.26217254331684,2017,110.83333333333331,2017-12-31,84.86708280983312,2018,100.5,2018-12-31,75.32153340873208,2019,95.66666666666669,2019-12-31,62.13012919784378,2020,88.33333333333333,2020-12-31,45.377546325478974,2020-12-02,120.0,1475.74920487173,,,,,,,,,,,
30,30,30,MW-60,2016-12-31,4.0,2017,3.0,2017-12-31,4.0,2018,3.2,2018-12-31,4.0,2019,2.9,2019-12-31,4.0,2020,3.2,2020-12-31,4.0,2020-08-14,3.2,0.8259999999999998,,,,,,,,,,,
31,31,31,MW-56d,2016-12-31,0.5,2017,0.5,2017-12-31,0.5,2018,0.5,2018-12-31,0.5,2019,0.5,2019-12-31,0.5,2020,0.5,2020-12-31,0.5,2020-12-14,0.5,0.0,2015-12-31,0.0,2016-12-31,0.0,2017-12-31,0.0,2018-12-31,0.0,2019-12-31,0.0,0.0
32,32,32,Bethlehem Cemetery,2016-12-31,0.5,2017,0.5,2017-12-31,0.5,2018,0.5,2018-12-31,0.5,2019,0.5,2019-12-31,0.5,2020,0.5,2020-12-31,0.5,2020-10-26,0.5,0.0,2015-12-31,0.0,2016-12-31,0.0,2017-12-31,0.0,2018-12-31,0.0,2019-12-31,0.0,0.0
33,33,33,MW-67,2011-12-31,0.5,2011-09-25,0.5,2012-12-31,0.5,2013,0.5,2013-12-31,0.5,2014,0.5,2014-12-31,0.5,2015,0.5,2015-12-31,0.5,2015-07-23,0.5,0.0,2015-12-31,0.0,2016-12-31,0.0,2017-12-31,0.0,2018-12-31,0.0,2019-12-31,0.0,0.0
34,34,34,MW-123s,2016-12-31,0.5002012334419529,2017,0.5,2017-12-31,0.5004024668839058,2018,0.5,2018-12-31,0.5006037003258587,2019,0.5,2019-12-31,0.5008049337678115,2020,0.5,2020-12-31,0.5010061672097644,2020-10-15,0.5,4.454438797622612e-07,2015-12-31,0.0,2016-12-31,0.0,2017-12-31,0.0,2018-12-31,0.0,2019-12-31,0.0,0.0
35,35,35,MW-93,2016-12-31,13.71169971564176,2017,8.25,2017-12-31,26.905244819363045,2018,3.725,2018-12-31,166.7956887296264,2019,1.225,,,,,,,,,,2015-12-31,4.594011728588968,2016-12-31,4.760877251034901,2017-12-31,4.859726238343454,2018-12-31,4.665044342682132,2019-12-31,4.196375697129846,0.4581317659324148
36,36,36,PMW-1,2016-12-31,123.06873153689428,2017,160.0,2017-12-31,105.77745416145994,2018,150.0,2018-12-31,100.0,2019,110.0,2019-12-31,100.0,2020,140.0,2020-12-31,100.0,2020-08-21,140.0,1323.910430147153,2015-12-31,150.37199729399887,2016-12-31,145.75358122849224,2017-12-31,141.2304097053058,2018-12-31,136.7984623833305,2019-12-31,132.45391544605823,293.33423570643765
37,37,37,TW-14,2016-12-31,13.731188610256714,2017,35.5,2017-12-31,10.860461231742006,2018,42.333333333333336,2018-12-31,8.703708437285659,2019,17.5,2019-12-31,7.04978483552173,2020,33.0,2020-12-31,5.7566472349358975,2020-11-23,22.0,495.8115498069311,2015-12-31,9.699758247436804,2016-12-31,0.0,2017-12-31,0.0,2018-12-31,0.0,2019-12-31,0.0,618.0108093555573
38,38,38,MOW-1,,,,,,,,,,,,,,,,,,,,,,2015-12-31,605.442637515396,2016-12-31,605.442637515396,2017-12-31,605.442637515396,2018-12-31,605.442637515396,2019-12-31,605.442637515396,41.19853187564906
40,40,40,MW-51,2016-12-31,0.5,2017,0.5,2017-12-31,0.5,2018,0.5,2018-12-31,0.5,2019,0.5,2019-12-31,0.5,2020,0.5,2020-12-31,0.5,2020-12-10,0.5,0.0,2015-12-31,0.0,2016-12-31,0.0,2017-12-31,0.0,2018-12-31,0.0,2019-12-31,0.0,0.0
41,41,41,MW-3d,2005-12-31,0.5,2006,0.5,2006-12-31,0.5,2007,0.5,2007-12-31,0.5,2008,0.5,2008-12-31,0.5,2009,0.5,2009-12-31,0.5,2010,0.5,0.0,2015-12-31,0.0,2016-12-31,0.0,2017-12-31,0.0,2018-12-31,0.0,2019-12-31,0.0,0.0
42,42,42,MW-30d,2016-12-31,160.0,2017,235.0,2017-12-31,0.0,2018,192.5,2018-12-31,0.0,2019,167.5,2019-12-31,0.0,2020,127.5,2020-12-31,0.0,2020-11-10,110.0,19818.75,2015-12-31,822.2637267814905,2016-12-31,742.8959802117317,2017-12-31,647.5162623372801,2018-12-31,571.5268308682197,2019-12-31,461.7816875323808,189674.5605447657
43,43,43,3249 Dexter Rd,2007-12-31,0.5,2008,0.5,2008-12-31,0.5,2009,0.5,2009-12-31,0.5,2010,0.5,2010-12-31,0.5,2011,0.5,2011-12-31,0.5,2011-05-18,0.5,0.0,2015-12-31,0.0,2016-12-31,0.0,2017-12-31,0.0,2018-12-31,0.0,2019-12-31,0.0,0.0
44,44,44,697 South Wagner Rd,2016-12-31,0.5,2017,0.5,2017-12-31,0.5,2018,0.5,2018-12-31,0.5,2019,0.5,2019-12-31,0.5,2020,0.5,2020-12-31,0.5,2020-10-26,0.5,0.0,2015-12-31,0.0,2016-12-31,0.0,2017-12-31,0.0,2018-12-31,0.0,2019-12-31,0.0,0.0
45,45,45,MW-79d,2016-12-31,0.0,2017,3.75,2017-12-31,12.666666666666666,2018,0.5,2018-12-31,2.0,2019,0.7,2019-12-31,0.0,2020,0.5,2020-12-31,12.666666666666666,2020-10-20,0.5,62.41161111111111,2015-12-31,22.9688160436328,2016-12-31,54.6897225156094,2017-12-31,55.6446654643675,2018-12-31,56.0312290885493,2019-12-31,52.54776120938931,2253.038751874903
46,46,46,MW-69,2015-12-31,0.5,2016,0.5,2016-12-31,0.5,2017,0.5,2017-12-31,0.5,2018,0.5,2018-12-31,0.5,2019,0.5,2019-12-31,0.5,2020,0.5,0.0,2015-12-31,0.0,2016-12-31,0.0,2017-12-31,0.0,2018-12-31,0.0,2019-12-31,0.0,0.0
47,47,47,435 Barber,2007-12-31,85.49834580362244,2008,13.5,2008-12-31,160.91826476616333,2009,15.0,2009-12-31,238.7246509095853,2010,16.0,2010-12-31,352.84073158918454,2010-10-25,12.0,2011-12-31,493.8564008269236,2012,11.0,85080.97600868081,2015-12-31,27.226037018702524,2016-12-31,27.817572826251823,2017-12-31,28.407492415747715,2018-12-31,28.9974120052436,2019-12-31,29.58733159473949,0.8947996329178114
48,48,48,MW-59s,2016-12-31,0.5,2017,0.5,2017-12-31,0.5,2018,0.5,2018-12-31,0.5,2019,0.5,2019-12-31,0.5,2020,0.5,2020-12-31,0.5,2020-08-13,0.5,0.0,2015-12-31,0.0,2016-12-31,0.0,2017-12-31,0.0,2018-12-31,0.0,2019-12-31,0.0,0.0
49,49,49,MW-35,2016-12-31,12.064974963184348,2017,3.125,2017-12-31,7.642047137781431,2018,3.1,2018-12-31,7.634051093677149,2019,2.525,2019-12-31,12.00111495635631,2020,2.675,2020-12-31,6.37003764471153,2020-10-14,2.7,45.42026882295355,2015-12-31,4.593432762566184,2016-12-31,4.471406959280792,2017-12-31,4.3361817486675145,2018-12-31,4.190580938616979,2019-12-31,4.037981103677605,0.6657877606650913
50,50,50,MW-10s,2006-12-31,33.879999999999995,2007,40.0,2007-12-31,33.879999999999995,2008,39.0,2008-12-31,33.879999999999995,2009,44.0,2009-12-31,33.879999999999995,2010,0.5,2010-12-31,33.879999999999995,2010-08-10,0.5,478.9063999999999,2015-12-31,29.6086264680021,2016-12-31,29.998440362425388,2017-12-31,30.38819527784779,2018-12-31,30.77795019327019,2019-12-31,31.16770510869259,0.6078892792659821
51,51,51,MW-105s,2016-12-31,627.4669755568169,2017,562.5,2017-12-31,651.3071771846804,2018,537.5,2018-12-31,508.7014874571189,2019,480.0,2019-12-31,455.4908271552199,2020,407.5,2020-12-31,382.7031488121543,2020-11-11,370.0,4092.209270956475,2015-12-31,197.0827258520544,2016-12-31,0.0,2017-12-31,0.0,2018-12-31,0.0,2019-12-31,0.0,267785.7997118267
52,52,52,DOLPH,2016-12-31,81.27004603142093,2017,100.27272727272728,2017-12-31,84.8753407148058,2018,115.16666666666669,2018-12-31,93.02914648456212,2019,155.33333333333334,2019-12-31,98.22225444542062,2020,136.92307692307693,2020-12-31,108.13079528588942,2020-12-03,160.0,1869.7292158577104,2015-12-31,112.61100160029592,2016-12-31,120.57040647065976,2017-12-31,129.0622655350356,2018-12-31,138.16404339664868,2019-12-31,147.97155750436454,396.896331654432
53,53,53,NMW-3d,2016-12-31,561.6948779531864,2017,480.0,2017-12-31,503.3897559063727,2018,540.0,2018-12-31,445.0846338595591,2019,520.0,2019-12-31,386.7795118127454,2020,480.0,2020-12-31,328.47438976593173,2020-08-21,480.0,9055.349023002833,2015-12-31,567.3566693608878,2016-12-31,508.9610885163048,2017-12-31,558.8845113759539,2018-12-31,476.7215730622424,2019-12-31,417.9336690759202,7047.481474709758
54,54,54,MW-39d,2016-12-31,73.7,2017,39.75,2017-12-31,73.7,2018,29.0,2018-12-31,73.7,2019,29.25,2019-12-31,73.7,2020,25.0,2020-12-31,73.7,2020-10-16,20.0,2076.3750000000005,2015-12-31,184.7625111977308,2016-12-31,184.7625111977308,2017-12-31,184.7625111977308,2018-12-31,184.7625111977308,2019-12-31,184.7625111977308,20492.715195445893
55,55,55,MW-32,2016-12-31,12.304632867132868,2017,16.5,2017-12-31,11.609265734265737,2018,22.0,2018-12-31,10.913898601398602,2019,22.0,2019-12-31,10.21853146853147,2020,18.75,2020-12-31,10.0,2020-10-07,18.0,77.05121269683112,2015-12-31,12.94890485573513,2016-12-31,12.94890485573513,2017-12-31,12.94890485573513,2018-12-31,12.94890485573513,2019-12-31,12.94890485573513,21.356552376072933
56,56,56,MW-103d,2016-12-31,13.864225795710176,2017,8.975,2017-12-31,11.226928005309452,2018,8.275,2018-12-31,11.332229389626278,2019,8.225000000000001,2019-12-31,10.075968580289349,2020,6.55,2020-12-31,10.314770840186377,2020-12-04,6.0,14.664596828447134,2015-12-31,9.393237020899583,2016-12-31,4.843984499741805,2017-12-31,1.6929510157776282,2018-12-31,0.7117343854945007,2019-12-31,0.0,65.19563398050902
57,57,57,MW-101,2016-12-31,146.52178739911542,2017,120.0,2017-12-31,116.429270991649,2018,112.5,2018-12-31,70.8146248571998,2019,112.5,2019-12-31,43.87454038343261,2020,89.75,2020-12-31,38.83333333333314,2020-10-15,96.0,1565.8200901949565,2015-12-31,168.59372501657612,2016-12-31,171.4915451589335,2017-12-31,171.1178999462956,2018-12-31,169.74909740742282,2019-12-31,165.4004031140774,1486.384773731177
58,58,58,440 Clarendon,2001-12-31,23.307267454234207,2002,146.75,2002-12-31,30.78054190149549,2003,132.5,2003-12-31,122.537457604594,2004,159.5,2005-12-31,32.47301043940666,2005-01-12,192.0,,,,,,2015-12-31,160.65972105613596,2016-12-31,164.45165416693794,2017-12-31,168.24358727773992,2018-12-31,172.0355203885419,2019-12-31,175.82745349934387,127.39893985939796
59,59,59,110 Parkland Plaza,2015-12-31,1.647338947334558,2016,2.5,2016-12-31,1.6554089313152454,2017,1.6,2017-12-31,1.3309905620513638,2018,1.4,2018-12-31,1.181572192787482,2019,1.2,2019-12-31,0.9488204901902672,2020,1.0,0.14756444984621,2015-12-31,3.8792594388788,2016-12-31,3.8792594388788,2017-12-31,3.8792594388788,2018-12-31,3.8792594388788,2019-12-31,3.8792594388788,1.2060137003252982
60,60,60,TW-5,2015-12-31,718.3959024367723,2015-10-01,750.0,2016-12-31,717.9801501407244,2015-10-01,750.0,2017-12-31,717.5663991903144,2019-07-18,780.0,2018-12-31,717.1535095663838,2019,745.0,2019-12-31,716.7414783952461,2020,806.6666666666666,2956.802158595929,2015-12-31,727.7309901536253,2016-12-31,678.1520805239411,2017-12-31,631.9508864420716,2018-12-31,588.8972906584206,2019-12-31,548.7768533680475,10794.091431180252
61,61,61,MW-99d,2016-12-31,0.5,2017,0.5,2017-12-31,0.5,2018,0.5,2018-12-31,0.5,2019,0.5,2019-12-31,0.5,2020,0.5,2020-12-31,0.5,2020-08-13,0.5,0.0,2015-12-31,0.0,2016-12-31,0.0,2017-12-31,0.0,2018-12-31,0.0,2019-12-31,0.0,0.0
62,62,62,MW-76s,2016-12-31,269.98080563805746,2017,274.1666666666667,2017-12-31,304.10966792871005,2018,269.1666666666667,2018-12-31,342.55283411404736,2019,269.1666666666667,2019-12-31,385.85568475604526,2020,260.8333333333333,2020-12-31,434.7743130736097,2020-12-02,230.0,12837.434398479556,2015-12-31,270.83986404898053,2016-12-31,317.26129736301874,2017-12-31,337.8076292932646,2018-12-31,346.6599005343337,2019-12-31,365.64011349817,6001.480298375575
63,63,63,MW-57,2016-12-31,5.199999908357858,2017,2.55,2017-12-31,5.199999908357858,2018,2.4000000000000004,2018-12-31,5.199999908357858,2019,2.075,2019-12-31,5.199999908357858,2020,2.075,2020-12-31,5.199999908357858,2020-11-16,0.5,11.296749398827558,2015-12-31,2.482397137533237,2016-12-31,1.309150972311061,2017-12-31,1.2029239526923676,2018-12-31,2.7643559471841304,2019-12-31,5.030514719655317,2.0470627929045806
64,64,64,MW-120s,2016-12-31,1.178888713311376,2017,0.5,2017-12-31,1.3062795268651384,2018,0.5,2018-12-31,1.4365995850534403,2019,0.5,2019-12-31,1.565332255816476,2020,0.5,2020-12-31,1.6960437027597612,2020-10-12,0.5,0.9107297394840048,2015-12-31,0.0,2016-12-31,0.0,2017-12-31,0.0,2018-12-31,0.0,2019-12-31,0.0,0.0
65,65,65,MW-68,2016-12-31,0.5,2017,0.5,2017-12-31,0.5,2018,0.5,2018-12-31,0.5,2019,0.5,2019-12-31,0.5,2020,0.5,2020-12-31,0.5,2020-11-24,0.5,0.0,2015-12-31,0.0,2016-12-31,0.0,2017-12-31,0.0,2018-12-31,0.0,2019-12-31,0.0,0.0
66,66,66,MW-50,2016-12-31,747.7170847527448,2017,840.0,2017-12-31,759.830957287683,2018,925.0,2018-12-31,771.9448298226213,2019,850.0,2019-12-31,784.0587023575598,2020,815.0,2020-12-31,796.2057635843745,2020-10-14,800.0,8572.263767646118,2015-12-31,669.3400001304117,2016-12-31,662.755208341571,2017-12-31,662.755208341571,2018-12-31,663.3195268165397,2019-12-31,660.9847435088938,751.5958974655623
67,67,67,MW-92,2016-12-31,25.94491295817601,2017,32.75,2017-12-31,29.92693310421929,2018,42.75,2018-12-31,30.40011601286657,2019,53.0,2019-12-31,28.59859481903293,2020,66.25,2020-12-31,32.10669438799236,2020-10-21,72.0,746.1198310493504,2015-12-31,24.308799271962144,2016-12-31,24.80006801151421,2017-12-31,25.309031263955845,2018-12-31,25.83568902928706,2019-12-31,26.380041307507856,32.190987673562745
68,68,68,MW-66,2016-12-31,1.0001009259720457,2017,1.575,2017-12-31,1.0001009259720457,2018,1.85,2018-12-31,0.0001009259720454,2019,1.65,2019-12-31,0.0001009259720452,2020,1.925,2020-12-31,0.0002018519440907,2020-10-14,2.0,2.2958866827983195,2015-12-31,1.9495591060113169,2016-12-31,1.970918471740828,2017-12-31,1.9922194785475813,2018-12-31,2.013520485354336,2019-12-31,2.0348214921610883,0.0479874182463434
69,69,69,MW-126d,2016-12-31,0.5,2017,0.5,2017-12-31,0.5,2018,0.5,2018-12-31,0.5,2019,0.5,2019-12-31,0.5,2020,0.5,2020-12-31,0.5,2020-10-16,0.5,0.0,2015-12-31,0.0,2016-12-31,0.0,2017-12-31,0.0,2018-12-31,0.0,2019-12-31,0.0,0.0
70,70,70,TW-15,,,,,,,,,,,,,,,,,,,,,,2015-12-31,189.0853160630068,2016-12-31,217.37497032367028,2017-12-31,278.82448645279175,2018-12-31,579.5891143467869,,,
71,71,71,MW-95,2016-12-31,24.70220870337096,2017,33.5,2017-12-31,21.094774849150667,2018,26.5,2018-12-31,15.379927977838877,2019,19.0,2019-12-31,13.420159446095402,2020,18.5,2020-12-31,13.709337823989344,2020-11-13,17.0,31.27114993715411,2015-12-31,24.18649107910086,2016-12-31,95.71535069153786,2017-12-31,323.34783155989385,2018-12-31,93.93074312767786,2019-12-31,88.18835464943587,19391.985220548035
72,72,72,MW-53s,2016-12-31,0.4999999999999999,2017,0.5,2017-12-31,0.4999999999999999,2018,0.5,2018-12-31,0.4999999999999999,2019,0.5,2019-12-31,0.4999999999999999,2020,0.5,2020-12-31,0.4999999999999999,2020-12-03,0.5,1.232595164407831e-32,2015-12-31,0.0,2016-12-31,0.0,2017-12-31,0.0,2018-12-31,0.0,2019-12-31,0.0,0.0
73,73,73,TW-12,2015-12-31,20.76563736716025,2016,21.5,2016-12-31,18.87047681840437,2017,23.0,2017-12-31,19.300744162400857,2018,19.0,2018-12-31,20.73295034966577,2019,14.666666666666666,2019-12-31,22.165130266250884,2019-10-02,14.0,24.230369444506525,2015-12-31,24.80220250115069,2016-12-31,24.80220250115069,2017-12-31,24.80220250115069,2018-12-31,24.80220250115069,2019-12-31,24.80220250115069,9.105567530289772
74,74,74,MW-88,2016-12-31,34.52644221491614,2017,305.0,2017-12-31,16.48303609065918,2018,297.5,2018-12-31,6.166626301424902,2019,225.0,2019-12-31,1.1526619534344276,2020,152.5,2020-12-31,0.0,2020-10-19,150.0,49084.1083287653,2015-12-31,379.8611277516278,2016-12-31,379.8611277516278,2017-12-31,379.8611277516278,2018-12-31,379.8611277516278,2019-12-31,379.8611277516278,24507.232599410207
75,75,75,MW-43,2011-12-31,0.5,2011-09-21,0.5,2012-12-31,0.5,2013,0.5,2013-12-31,5.0,2013-07-18,0.5,2014-12-31,0.5,2015,0.5,2015-12-31,0.5,2015-07-31,0.5,4.05,2015-12-31,0.0,2016-12-31,0.0,2017-12-31,0.0,2018-12-31,0.0,2019-12-31,0.0,0.0
76,76,76,MW-72s,2016-12-31,3.944898251641733,2017,2.1,2017-12-31,3.1124444431612,2018,1.7999999999999998,2018-12-31,2.455655328431729,2019,1.15,2019-12-31,1.9374620823530069,2020,1.1,2020-12-31,1.5286181562593055,2020-11-10,1.0,1.5623351412927249,2015-12-31,0.0,2016-12-31,0.0,2017-12-31,0.0,2018-12-31,0.0,2019-12-31,0.0,6.970797159802525
77,77,77,NMW-1s,2016-12-31,1480.0,2017,2075.0,2017-12-31,1480.0,2018,2325.0,2018-12-31,1480.0,2019,1875.0,2019-12-31,1480.0,2020,1900.0,2020-12-31,1480.0,2020-12-16,2000.0,334175.0,2015-12-31,1841.78325077386,2016-12-31,1841.78325077386,2017-12-31,1841.78325077386,2018-12-31,1841.78325077386,2019-12-31,1841.78325077386,36058.35131043392
78,78,78,MW-12d,2005-12-31,0.998364902687095,2006,0.5,2006-12-31,0.9913145286964612,2007,0.5,2007-12-31,0.996114083899056,2008,0.5,2008-12-31,0.9849432707631918,2009,0.5,2009-12-31,0.9826376042724676,2010,0.5,0.2407991518995824,2015-12-31,0.0,2016-12-31,0.0,2017-12-31,0.0,2018-12-31,0.0,2019-12-31,0.0,0.0
79,79,79,MW-8s,1994-12-31,29095.833156979086,1993-08-20,19.0,1995-12-31,104224227.03733855,1996,10.0,,,,,,,,,,,,,,2015-12-31,0.0,2016-12-31,0.0,2017-12-31,0.0,2018-12-31,0.0,2019-12-31,0.0,0.0
80,80,80,ARTESIAN #3,2016-12-31,14.480222264721489,2017,11.0,2017-12-31,15.240671577976377,2018,9.8,2018-12-31,16.31164223280696,2019,9.8,2019-12-31,17.61865009307019,2020,7.7,2020-12-31,19.074881641211995,2020-08-13,7.7,62.37637816393626,2015-12-31,12.797870742774096,2016-12-31,9.257280996691655,,,,,,,
81,81,81,MW-44,2011-12-31,0.5,2010-08-04,0.5,2012-12-31,0.5,2010-08-04,0.5,2013-12-31,0.5,2015-08-13,0.5,2014-12-31,0.5,2015,0.5,2015-12-31,0.5,2016,0.5,0.0,2015-12-31,0.0,2016-12-31,0.0,2017-12-31,0.0,2018-12-31,0.0,2019-12-31,0.0,0.0
82,82,82,MW-86,2011-12-31,0.4957038737783328,2011-08-03,0.5,2012-12-31,0.4918671674874,2013,0.5,2013-12-31,0.488889442849684,2013-08-21,0.5,2014-12-31,0.4885019825090255,2015,0.5,2015-12-31,0.5048719996164851,2015-07-21,0.5,7.279698637334497e-05,2015-12-31,0.0,2016-12-31,0.0,2017-12-31,0.0,2018-12-31,0.0,2019-12-31,0.0,0.0
83,83,83,MW-75,2016-12-31,223.67135093359337,2017,750.0,2017-12-31,0.0,2018,845.0,2018-12-31,0.0,2019,610.0,2019-12-31,132.81358169536384,2020,265.0,2020-12-31,1353.440171715246,2020-11-12,320.0,489723.7369054228,2015-12-31,712.3825642508186,2016-12-31,731.0794434241009,2017-12-31,749.7252382280573,2018-12-31,768.3710330320138,2019-12-31,787.0168278359702,5215.280610076057
84,84,84,MW-81,2016-12-31,431.490685299652,2017,265.0,2017-12-31,259.89646961271694,2018,235.0,2018-12-31,241.0284442323806,2019,167.6,2019-12-31,238.3612809426692,2020,167.5,2020-12-31,253.3950758462861,2020-10-20,170.0,9141.355745071243,2015-12-31,335.0181619240296,2016-12-31,290.72498676054335,2017-12-31,252.2878683397604,2018-12-31,218.93256998871283,2019-12-31,189.9872178447856,525.4465396945373
85,85,85,MW-21,2000-12-31,0.5308228764905557,2001,0.5,2001-12-31,0.5722285295988935,2002,0.5,2002-12-31,0.7622185734197373,2003,0.5,,,,,,,,,,2015-12-31,0.0,2016-12-31,0.0,2017-12-31,0.0,2018-12-31,0.0,2019-12-31,0.0,0.0
86,86,86,MW-4d,2016-12-31,1445.5611816293565,2017,642.5,2017-12-31,1509.0818022114545,2018,427.5,2018-12-31,1575.3936358465944,2019,352.5,2019-12-31,1644.619333576849,2020,320.0,2020-12-31,1716.8869359569628,2020-10-07,320.0,1403220.958328365,2015-12-31,1072.3345245026185,2016-12-31,1120.191368287853,2017-12-31,1115.9686698164833,2018-12-31,1100.0289001497963,2019-12-31,1030.869184589294,275729.0656746884
87,87,87,476 Barber,2007-12-31,0.8176288642262103,2008,0.5,2008-12-31,0.8425062691911999,2009,0.5,2009-12-31,0.8691894589755947,2010,0.5,2010-12-31,0.8980008704679371,2011,0.5,2011-12-31,0.9292503928484628,2011-09-26,0.5,0.1394320178194789,2015-12-31,0.0,2016-12-31,0.0,2017-12-31,0.0,2018-12-31,0.0,2019-12-31,0.0,0.0
88,88,88,MW-26,,,,,,,,,,,,,,,,,,,,,,2015-12-31,4.26694247687223,2016-12-31,4.26694247687223,2017-12-31,4.26694247687223,2018-12-31,4.26694247687223,2019-12-31,4.26694247687223,0.4081097967207475
89,89,89,MW-122d,2016-12-31,0.7640083104115787,2017,0.5,2017-12-31,1.3615326025587382,2018,0.5,2018-12-31,1.625723561371722,2019,0.5,2019-12-31,2.2232478535193025,2020,0.5,2020-12-31,2.4872561639300392,2020-10-22,0.5,1.7995925151204524,2015-12-31,0.0,2016-12-31,0.0,2017-12-31,0.0,2018-12-31,0.0,2019-12-31,0.0,0.0
90,90,90,MW-19,1995-12-31,0.5,1996,1.5,1996-12-31,0.5,1997,2.333333333333333,1997-12-31,0.5,1998,4.0,1998-12-31,0.5,1999,3.0,1999-12-31,0.5,1999-08-18,3.0,5.822222222222222,2015-12-31,513.6778706288474,2016-12-31,493.388097955971,2017-12-31,473.9519354234839,2018-12-31,455.2814265732691,2019-12-31,437.3464098155477,8559.723783748508
91,91,91,MW-115,2016-12-31,427.0178819526714,2017,335.0,2017-12-31,387.966535122012,2018,492.5,2018-12-31,352.48648531131545,2019,512.5,2019-12-31,320.2511327118709,2020,505.0,2020-12-31,290.96374549695105,2020-11-05,530.0,27253.867138514463,2015-12-31,694.0678453230042,2016-12-31,694.2054413817068,2017-12-31,694.3427120715089,2018-12-31,694.4800330680558,2019-12-31,694.6174041705359,34256.337737698035
92,92,92,MW-2s,2016-12-31,2.718281828459045,2017,2.65,2017-12-31,2.718281828459045,2018,1.925,2018-12-31,2.718281828459045,2019,1.95,2019-12-31,2.718281828459045,2020,1.075,2020-12-31,2.718281828459045,2020-11-11,1.5,1.0817602433397255,2015-12-31,3.0,2016-12-31,3.0,2017-12-31,3.0,2018-12-31,3.0,2019-12-31,3.0,0.2963566049685059
93,93,93,MW-18d,2016-12-31,211.7198144652316,2017,103.0,2017-12-31,224.04398381146987,2018,101.5,2018-12-31,237.03766257934328,2019,56.75,2019-12-31,250.73475146608143,2020,38.75,2020-12-31,265.2136192592238,2020-10-07,35.0,31455.302530126093,2015-12-31,160.597914278146,2016-12-31,152.5829546712858,2017-12-31,144.35365886002432,2018-12-31,135.98130100554278,2019-12-31,127.53688266656134,265.3290251223956
94,94,94,MW-17,2016-12-31,307.67499999999995,2017,320.0,2017-12-31,304.625,2018,307.5,2018-12-31,278.82499999999993,2019,272.5,2019-12-31,230.52499999999995,2020,272.5,2020-12-31,235.475,2020-11-09,290.0,987.010625000001,2015-12-31,328.14480423007336,2016-12-31,240.4956839741364,2017-12-31,158.60548370614703,2018-12-31,86.07198769508241,2019-12-31,25.689920202958263,51566.294066051705
95,95,95,MW-124s,2016-12-31,0.5,2017,0.5,2017-12-31,0.5,2018,0.5,2018-12-31,0.5,2019,0.5,2019-12-31,0.5,2020,0.5,2020-12-31,0.5,2020-10-26,0.5,0.0,2015-12-31,0.0,2016-12-31,0.0,2017-12-31,0.0,2018-12-31,0.0,2019-12-31,0.0,0.0
96,96,96,MW-97d,2016-12-31,0.5,2017,0.5,2017-12-31,0.5,2018,0.5,2018-12-31,0.5,2019,0.5,2019-12-31,0.5,2020,0.5,2020-12-31,0.5,2020-07-20,0.5,0.0,2015-12-31,0.0,2016-12-31,0.0,2017-12-31,0.0,2018-12-31,0.0,2019-12-31,0.0,0.0
97,97,97,MW-28,2016-12-31,0.5,2017,0.5,2017-12-31,0.5,2018,0.5,2018-12-31,0.5,2019,0.5,2019-12-31,0.5,2020,0.5,2020-12-31,0.5,2020-12-14,0.5,0.0,2015-12-31,0.0,2016-12-31,0.0,2017-12-31,0.0,2018-12-31,0.0,2019-12-31,0.0,0.0
98,98,98,373 Pinewood Shallow,2016-12-31,311.28906674472745,2017,270.0,2017-12-31,300.4511736461836,2018,270.0,2018-12-31,478.1823739272024,2019,230.0,2019-12-31,1104.6153891023428,2020,212.5,2020-12-31,2400.1668550105824,2020-12-21,210.0,1131385.4543994784,2015-12-31,338.6896452840288,2016-12-31,255.3320047313173,2017-12-31,177.82873832996788,2018-12-31,140.46307503373245,2019-12-31,101.20492117971811,7832.94589224481
99,99,99,MW-11d,2016-12-31,94.0,2017,395.0,2017-12-31,94.0,2018,375.0,2018-12-31,94.0,2019,337.5,2019-12-31,94.0,2020,270.0,2020-12-31,94.0,2020-10-07,250.0,56833.25,2015-12-31,140.92230491278545,2016-12-31,142.17795460034924,2017-12-31,143.42917647856115,2018-12-31,144.67619370143842,2019-12-31,145.9192181764174,57004.32184150629
100,100,100,MW-58d,2016-12-31,19.12772924503869,2017,8.1,2017-12-31,20.30461193292977,2018,13.0,2018-12-31,21.506816085865097,2019,15.5,2019-12-31,22.777315681788355,2020,15.5,2020-12-31,23.92526278312715,2020-12-09,20.0,55.88340374619902,2015-12-31,18.37258770230334,2016-12-31,19.5199119035882,2017-12-31,20.6861709951996,2018-12-31,21.87198675674248,2019-12-31,23.077359188216832,25.098975032188925
101,101,101,MW-38s,2016-12-31,0.5,2017,0.5,2017-12-31,0.5,2018,0.5,2018-12-31,0.5,2019,0.5,2019-12-31,0.5,2020,0.5,2020-12-31,0.5,2020-10-09,0.5,0.0,2015-12-31,0.0,2016-12-31,0.0,2017-12-31,0.0,2018-12-31,0.0,2019-12-31,0.0,0.0
102,102,102,NMW-2s,2016-12-31,2669.3859859154927,2017,2350.0,2017-12-31,2669.3859859154927,2018,2325.0,2018-12-31,2669.3859859154927,2019,2000.0,2019-12-31,2669.3859859154927,2020,2025.0,2020-12-31,2669.3859859154927,2020-12-16,2200.0,260848.64321047883,,,,,,,,,,,
103,103,103,ARTESIAN #2,1996-12-31,33.47723386515792,1997,10.333333333333334,1997-12-31,28.95446773031584,1998,12.666666666666666,1998-12-31,24.43170159547376,1999,20.2,1999-12-31,19.90893546063167,2000,27.55555555555556,2000-12-31,15.386169325789588,2001,16.5,175.7102622712085,2015-12-31,12.321467722482382,,,,,,,,,
104,104,104,MW-89,2015-12-31,21.52164949418187,2016,2.6,2016-12-31,27.779022512269187,2017,1.2,2017-12-31,34.77010888069937,2018,0.5,2018-12-31,42.49490859947242,2019,0.5,2019-12-31,50.95342166858835,2020,1.0,1299.5660609322415,2015-12-31,0.0,2016-12-31,0.0,2017-12-31,0.0,2018-12-31,0.0,2019-12-31,0.0,0.0
105,105,105,MW-98s,2016-12-31,0.5,2017,1.6,2017-12-31,0.5,2018,3.3,2018-12-31,0.5,2019,4.2,2019-12-31,0.5,2020,6.5,2020-12-31,0.5,2020-09-08,6.5,18.948,2015-12-31,0.0,2016-12-31,0.0,2017-12-31,0.0,2018-12-31,0.0,2019-12-31,0.0,0.0
106,106,106,MW-16,2016-12-31,0.6163284587213668,2017,1.6,2017-12-31,0.612666948976282,2018,1.2,2018-12-31,0.6090054392311972,2019,1.7,2019-12-31,0.6053439294861125,2020,4.8,2020-12-31,0.6016723882074796,2020-08-10,4.8,7.544786646282384,2015-12-31,0.0,2016-12-31,0.0,2017-12-31,0.0,2018-12-31,0.0,2019-12-31,0.0,4.98996322754705
107,107,107,MW-34d,2016-12-31,0.5,2017,0.5,2017-12-31,0.5,2018,0.5,2018-12-31,0.5,2019,0.5,2019-12-31,0.5,2020,0.5,2020-12-31,0.5,2020-10-09,0.5,0.0,2015-12-31,0.0,2016-12-31,0.0,2017-12-31,0.0,2018-12-31,0.0,2019-12-31,0.0,0.0
108,108,108,MW-113,2016-12-31,58.37070127949749,2017,66.5,2017-12-31,61.6405158494995,2018,80.0,2018-12-31,64.92583617227494,2019,88.5,2019-12-31,68.22666224782377,2020,100.0,2020-12-31,71.54392513232624,2020-10-29,110.0,689.462408455612,2015-12-31,48.29123176482141,2016-12-31,53.17097637984876,2017-12-31,58.50000893356216,2018-12-31,64.29819973978789,2019-12-31,70.58387759406978,97.78888290230864
109,109,109,MW-121d,2016-12-31,0.4377297250086039,2017,1.625,2017-12-31,0.3712401628163758,2018,2.025,2018-12-31,0.7952726104449681,2019,1.6749999999999998,2019-12-31,0.4831310148125995,2020,2.1,2020-12-31,1.0916817746168863,2020-10-08,2.3,1.7985501667893993,2015-12-31,0.0,2016-12-31,0.0,2017-12-31,0.0,2018-12-31,0.0,2019-12-31,0.0,3.166117309220948
110,110,110,170 Aprill,2016-12-31,10.723302762339852,2017,6.6,2017-12-31,10.9009418684361,2018,4.0,2018-12-31,11.16460518126742,2019,3.5,2019-12-31,12.1363430030325,2020,3.7,2020-12-31,12.95129894961107,2020-08-17,3.7,56.02584248921109,2015-12-31,12.29506162235752,2016-12-31,12.29506162235752,2017-12-31,12.29506162235752,2018-12-31,12.29506162235752,2019-12-31,12.29506162235752,0.0018677506217179
111,111,111,MW-108s,2016-12-31,278.605066815828,2017,345.0,2017-12-31,51.993574893782544,2018,317.5,2018-12-31,3.086870662867376,2019,282.5,2019-12-31,0.0,2020,245.0,2020-12-31,0.0,2020-10-27,210.0,51419.72915423666,2015-12-31,323.2935547201444,2016-12-31,45.735113269879264,2017-12-31,0.0,2018-12-31,0.0,2019-12-31,0.0,114329.06038358182
112,112,112,MW-54s,2016-12-31,0.5,2017,0.5,2017-12-31,0.5,2018,0.5,2018-12-31,0.5,2019,0.5,2019-12-31,0.5,2020,0.5,2020-12-31,0.5,2020-10-19,0.5,0.0,2015-12-31,0.0,2016-12-31,0.0,2017-12-31,0.0,2018-12-31,0.0,2019-12-31,0.0,0.0
113,113,113,MW-27,2006-12-31,7.0,2007,10.0,2007-12-31,6.0,2008,10.0,2008-12-31,6.333333333333333,2009,5.0,2009-12-31,6.666666666666667,2010,16.0,2010-12-31,7.0,2011,7.0,22.77777777777777,2015-12-31,18.001957595451803,2016-12-31,17.569842102513658,2017-12-31,17.176106785766823,2018-12-31,16.815126778068997,2019-12-31,16.48238776297097,6.864614262683958
114,114,114,MW-127s,2016-12-31,0.5,2017,0.5,2017-12-31,0.5,2018,0.5,2018-12-31,0.5,2019,0.5,2019-12-31,0.5,2020,0.5,2020-12-31,0.5,2020-12-08,0.5,0.0,2015-12-31,0.0,2016-12-31,0.0,2017-12-31,0.0,2018-12-31,0.0,2019-12-31,0.0,0.0
115,115,115,MW-94d,2016-12-31,0.7020592414713982,2017,2.65,2017-12-31,1.1061777244141946,2018,2.5,2018-12-31,1.7123554488283892,2019,2.75,2019-12-31,2.520592414713982,2020,2.9,2020-12-31,3.530888622070973,2020-11-10,2.8,1.4984136485755368,2015-12-31,0.0,2016-12-31,0.0,2017-12-31,0.0,2018-12-31,0.0,2019-12-31,0.0,6.453969230340197
116,116,116,580 Allison,2004-12-31,63.888778282398064,2003-10-31,0.5,2005-12-31,75.05344868389473,2003-10-31,0.5,2006-12-31,87.94534684433273,2003-10-31,0.5,2007-12-31,102.7106610359782,2003-10-31,0.5,2008-12-31,119.54447776146472,2012-03-27,10.0,7934.010888993293,2015-12-31,30.9699513500985,2016-12-31,30.9699513500985,2017-12-31,30.9699513500985,2018-12-31,30.9699513500985,2019-12-31,30.9699513500985,5.63151655321397
117,117,117,MW-20,2016-12-31,0.5,2017,0.5,2017-12-31,0.5,2018,0.5,2018-12-31,0.5,2019,0.5,2019-12-31,0.5,2020,0.5,2020-12-31,0.5,2020-10-16,0.5,0.0,2015-12-31,0.0,2016-12-31,0.0,2017-12-31,0.0,2018-12-31,0.0,2019-12-31,0.0,0.0
118,118,118,MW-52d,2016-12-31,0.5000461849996574,2017,0.5,2017-12-31,0.5000323294997602,2018,0.5,2018-12-31,0.500018473999863,2019,0.5,2019-12-31,0.5000046184999658,2020,0.5,2020-12-31,0.5000508034996232,2020-09-21,0.5,1.2243731069852716e-09,2015-12-31,0.0,2016-12-31,0.0,2017-12-31,0.0,2018-12-31,0.0,2019-12-31,0.0,0.0
119,119,119,MW-125,2016-12-31,118.19831974861442,2017,235.0,2017-12-31,90.78937017496374,2018,172.75,2018-12-31,73.33333333333333,2019,212.5,2019-12-31,73.3486377342423,2020,194.5,2020-12-31,73.33333333333333,2020-12-08,240.0,16436.59376372026,2015-12-31,227.6153947952384,2016-12-31,437.34846849596624,2017-12-31,437.33667570043536,2018-12-31,437.3888448270191,2019-12-31,437.41500334766937,40584.31476805933
120,120,120,2819 Dexter Rd,2016-12-31,373.7241969872241,2017,257.5,2017-12-31,290.2811905372321,2018,197.5,2018-12-31,199.85455905334427,2019,157.5,2019-12-31,102.62317882173576,2020,165.0,2020-12-31,0.0,2020-10-29,180.0,12040.237955147924,2015-12-31,498.3003873942787,2016-12-31,447.03504203648623,2017-12-31,392.862557692524,2018-12-31,337.14150550700936,2019-12-31,281.4077519801656,18919.203152296526
121,121,121,MW-63i,2014-12-31,0.5,2015,0.5,2015-12-31,0.5,2016,0.5,2016-12-31,0.5,2017,0.5,2017-12-31,0.5,2018,0.5,2018-12-31,0.5,2019,0.5,0.0,2015-12-31,0.0,2016-12-31,0.0,2017-12-31,0.0,2018-12-31,0.0,2019-12-31,0.0,0.0
122,122,122,5115 Jackson Rd,2012-12-31,0.5,2013,0.5,2013-12-31,0.5,2014,0.5,2014-12-31,0.5,2015,0.5,2015-12-31,0.5,2016,0.5,2016-12-31,0.5,2017,0.5,0.0,2015-12-31,0.0,2016-12-31,0.0,2017-12-31,0.0,2018-12-31,0.0,2019-12-31,0.0,0.0
123,123,123,MW-45s,2016-12-31,5.0,2017,11.0,2017-12-31,5.0,2018,4.85,2018-12-31,5.0,2019,3.4,2019-12-31,5.0,2020,1.2000000000000002,2020-12-31,5.0,2020-11-12,1.1,13.6465,2015-12-31,14.164027281794745,2016-12-31,13.749586474244175,2017-12-31,13.351810565965716,2018-12-31,12.968807129585391,2019-12-31,12.599880439329764,5.949048561696886
124,124,124,MW-83s,2016-12-31,360.0,2017,385.0,2017-12-31,450.0,2018,400.0,2018-12-31,384.17365374026673,2019,450.0,2019-12-31,318.34730748053346,2020,440.0,2020-12-31,298.34730748053346,2020-11-05,450.0,9051.204921509208,2015-12-31,426.0098465963828,2016-12-31,426.0098465963828,2017-12-31,426.0098465963828,2018-12-31,426.0098465963828,2019-12-31,426.0098465963828,889.1644082488907
125,125,125,MW-25d,2013-12-31,266.7189508572618,2012-08-02,135.0,2014-12-31,266.7189508572618,2015,110.0,2015-12-31,266.7189508572618,2016,48.0,2016-12-31,266.7189508572618,2017,125.0,2017-12-31,266.7189508572618,2018,120.0,26271.880521915697,2015-12-31,0.0,2016-12-31,0.0,2017-12-31,0.0,2018-12-31,0.0,2019-12-31,0.0,23479.69008782257
126,126,126,MW-65d,2016-12-31,27.89986799625481,2017,22.0,2017-12-31,27.17129125378621,2018,21.5,2018-12-31,26.429561307552586,2019,20.0,2019-12-31,25.67446136147369,2020,20.0,2020-12-31,24.90558387875004,2020-11-19,20.0,32.91510208007823,2015-12-31,29.4253336093974,2016-12-31,29.4253336093974,2017-12-31,29.4253336093974,2018-12-31,29.4253336093974,2019-12-31,29.4253336093974,19.513676414548662
127,127,127,MW-KD-1d,2016-12-31,224.3525881141132,2017,187.5,2017-12-31,260.03061864190533,2018,232.5,2018-12-31,290.0522156779296,2019,290.0,2019-12-31,319.4363437218715,2020,355.0,2020-12-31,341.2039223421902,2020-10-28,390.0,1152.3763565294798,2015-12-31,169.08514362939778,2016-12-31,194.0976744885716,2017-12-31,232.11338528587635,2018-12-31,254.27627634346675,2019-12-31,259.1457430513412,1409.3096005862978
128,128,128,MW-63s,2014-12-31,0.5,2015,0.5,2015-12-31,0.5,2016,0.5,2016-12-31,0.5,2017,0.5,2017-12-31,0.5,2018,1.6666666666666667,2018-12-31,0.5,2019,0.5,0.2722222222222222,2015-12-31,0.0,2016-12-31,0.0,2017-12-31,0.0,2018-12-31,0.0,2019-12-31,0.0,0.0
129,129,129,4601 Park 6 inch,2016-12-31,1.0,2017,1.8,2017-12-31,1.0,2018,1.25,2018-12-31,1.0,2019,1.65,2019-12-31,1.0,2020,1.05,2020-12-31,1.0,2020-12-07,0.5,0.2754999999999999,2015-12-31,2.637772490611168,2016-12-31,2.55978587433212,2017-12-31,2.4811842134192124,2018-12-31,2.5126500731771166,2019-12-31,2.477166667374907,0.1571275830476881
130,130,130,MW-40d,2016-12-31,0.5,2017,0.5,2017-12-31,0.5,2018,0.5,2018-12-31,0.5,2019,0.5,2019-12-31,0.5,2020,0.5,2020-12-31,0.5,2020-08-10,0.5,0.0,2015-12-31,0.0,2016-12-31,0.0,2017-12-31,0.0,2018-12-31,0.0,2019-12-31,0.0,0.0
131,131,131,305 Pinewood,2006-12-31,0.5,2007,0.5,2007-12-31,0.5,2008,0.5,2008-12-31,0.5,2009,0.5,2009-12-31,0.5,2010,0.875,2010-12-31,0.5,2011,3.0,1.278125,2015-12-31,0.0,2016-12-31,0.0,2017-12-31,0.0,2018-12-31,0.0,2019-12-31,0.0,0.0
132,132,132,Saginaw Forest Cabin #1,2016-12-31,12.0,2017,6.0,2017-12-31,10.0,2018,0.5,2018-12-31,7.0,2019,0.5,2019-12-31,4.0,2020,0.5,2020-12-31,1.0,2020-12-08,0.5,36.2,2015-12-31,18.50205660271467,2016-12-31,16.69213907851779,2017-12-31,15.544069930673482,2018-12-31,15.062130666473314,2019-12-31,14.580191402273146,8.563580367786093
133,133,133,430 Barber East,2007-12-31,4.545510186590561,2008,0.5,2008-12-31,4.3375,2009,0.5,2009-12-31,4.3375,2010,0.5,2010-12-31,4.3375,2011,22.0,2011-12-31,4.3375,2011-09-26,22.0,133.94935553396164,2015-12-31,44.66422450519143,2016-12-31,45.48369622463555,2017-12-31,46.30316794407968,2018-12-31,47.1226396635238,2019-12-31,47.94211138296792,6.446960369018628
134,134,134,AMW-2,2015-12-31,11.904550503402044,2016,150.0,2016-12-31,5.953746847293933,2017,84.0,2017-12-31,4.0,2018,95.0,2018-12-31,4.0,2019,68.0,2019-12-31,4.0,2020,180.0,13702.914160568744,2015-12-31,20.1318221917514,2016-12-31,15.99574451992099,2017-12-31,12.7120139819369,2018-12-31,10.09008465921072,2019-12-31,7.991178931609275,670.282894061047
135,135,135,MW-1,2008-12-31,53.0,2009,445.0,2009-12-31,57.0,2010,805.0,2010-12-31,0.5,2011,1454.0,2011-12-31,0.5,2012,1995.0,2012-12-31,3.0,2012-08-10,2021.0,2175236.9,2015-12-31,2062.777633996411,2016-12-31,2578.138947414426,2017-12-31,3372.341616968999,2018-12-31,4175.63535648477,2019-12-31,4613.05585004278,8068684.579136607
136,136,136,MW-400 Clarendon,2011-12-31,0.5,2011-11-15,0.5,2012-12-31,0.5,2013,0.5,2013-12-31,0.5,2013-08-20,0.5,2014-12-31,0.5,2015,0.5,2015-12-31,0.5,2015-08-04,0.5,0.0,2015-12-31,0.0,2016-12-31,0.0,2017-12-31,0.0,2018-12-31,0.0,2019-12-31,0.0,0.0
137,137,137,MW-BE-1d,2016-12-31,1434.674372821478,2017,595.0,2017-12-31,7842.891801036745,2018,610.0,2018-12-31,40257.9816602794,2019,622.5,2019-12-31,212927.48076071008,2020,530.0,2020-12-31,1139045.734545178,2020-10-22,590.0,268563628107.11945,2015-12-31,180.85264897981608,2016-12-31,181.6909571605985,2017-12-31,182.42513883934163,2018-12-31,183.06810842738187,2019-12-31,183.6311830801177,194634.4183736808
138,138,138,3563 ELIZABETH RD,2016-12-31,2.0,2017,2.0,2017-12-31,2.0,2018,2.0,2018-12-31,2.0,2019,2.0,2019-12-31,2.0,2020,2.0,2020-12-31,2.0,2020-08-24,2.0,0.0,2015-12-31,2.2592515259031587,2016-12-31,2.2632261938178946,2017-12-31,2.2672008617326247,2018-12-31,2.271175529647355,2019-12-31,2.275150197562086,0.0601847751531433
139,139,139,MW-62s,2016-12-31,0.5,2017,0.5,2017-12-31,0.5,2018,0.5,2018-12-31,0.5,2019,0.5,2019-12-31,0.5,2020,0.5,2020-12-31,0.5,2020-11-20,0.5,0.0,2015-12-31,0.0,2016-12-31,0.0,2017-12-31,0.0,2018-12-31,0.0,2019-12-31,0.0,0.0
140,140,140,333 Jackson Plaza,2007-12-31,0.0,2008,28.0,2008-12-31,0.0,2009,25.0,2009-12-31,0.0,2010,19.0,2010-12-31,0.0,2011,19.0,2011-12-31,0.0,2011-08-09,19.0,498.4,2015-12-31,23.04495526137427,2016-12-31,23.04495526137427,2017-12-31,23.04495526137427,2018-12-31,23.04495526137427,2019-12-31,23.04495526137427,1.7491381999714608
141,141,141,MW-87d,2013-12-31,644.7076002137163,2014,610.0,2014-12-31,641.41744403251,2015,520.0,2015-12-31,638.1293920005451,2016,288.0,2016-12-31,634.8432950905478,2017,290.0,2017-12-31,631.5589937588444,2017-02-02,290.0,74823.36975142304,2015-12-31,581.0,2016-12-31,581.0,2017-12-31,581.0,2018-12-31,581.0,2019-12-31,581.0,10393.348350162947
142,142,142,MW-41d,2016-12-31,28.0,2017,27.0,2017-12-31,28.0,2018,24.5,2018-12-31,28.0,2019,20.0,2019-12-31,28.0,2020,20.0,2020-12-31,28.0,2020-12-16,18.0,48.25,2015-12-31,28.4705065362293,2016-12-31,26.201451629693103,2017-12-31,23.932396723156906,2018-12-31,21.663341816620708,2019-12-31,19.39428691008451,17.050954653064128
143,143,143,MW-112i,2016-12-31,6.260851567890238,2017,9.308333333333332,2017-12-31,6.509868161403194,2018,9.658333333333337,2018-12-31,6.768789040806399,2019,9.9,2019-12-31,7.038008135185511,2020,9.516666666666667,2020-12-31,7.318717059783714,2020-12-04,14.0,15.957549992689774,2015-12-31,7.544877598511396,2016-12-31,7.567739828749186,2017-12-31,7.590602058986976,2018-12-31,7.613464289224765,2019-12-31,7.636326519462555,3.835983595049906
144,144,144,MW-47s,2011-12-31,0.5000016264894392,2012,0.5,2012-12-31,0.4999999832012265,2013,0.5,2013-12-31,0.5000000170598818,2014,0.5,2014-12-31,0.499999996067504,2015,0.5,2015-12-31,0.4999999925344287,2015-11-13,0.5,5.292224667218879e-13,2015-12-31,0.0,2016-12-31,0.0,2017-12-31,0.0,2018-12-31,0.0,2019-12-31,0.0,0.0
145,145,145,MW-112s,2016-12-31,0.8397002848463462,2017,0.5,2017-12-31,0.8952651740357824,2018,0.5,2018-12-31,0.9168718835522364,2019,0.5,2019-12-31,0.9135913150194952,2020,0.5416666666666666,2020-12-31,0.9797383046093224,2020-12-04,0.5,0.1627779587176835,2015-12-31,0.0,2016-12-31,0.0,2017-12-31,0.0,2018-12-31,0.0,2019-12-31,0.0,0.0
146,146,146,MW-61s,2016-12-31,15.000000000000004,2017,11.5,2017-12-31,15.000000000000004,2018,8.1,2018-12-31,15.000000000000004,2019,5.3,2019-12-31,15.000000000000004,2020,3.4,2020-12-31,15.000000000000004,2020-12-14,3.0,86.50200000000007,2015-12-31,15.638745925283889,2016-12-31,13.880036880649577,2017-12-31,12.01405085350751,2018-12-31,10.042272358127184,2019-12-31,7.956687805323799,8.942924914494037
147,147,147,MW-42d,2016-12-31,0.5,2017,0.5,2017-12-31,0.5,2018,0.5,2018-12-31,0.5,2019,0.5,2019-12-31,0.5,2020,0.5,2020-12-31,0.5,2020-08-07,0.5,0.0,2015-12-31,0.0,2016-12-31,0.0,2017-12-31,0.0,2018-12-31,0.0,2019-12-31,0.0,0.0
148,148,148,MW-62i,2016-12-31,0.5,2017,0.5,2017-12-31,0.5,2018,0.5,2018-12-31,0.5,2019,0.5,2019-12-31,0.5,2020,0.5,2020-12-31,0.5,2020-11-20,0.5,0.0,2015-12-31,0.0,2016-12-31,0.0,2017-12-31,0.0,2018-12-31,0.0,2019-12-31,0.0,0.0
149,149,149,354 Pinewood,2007-12-31,3.871811626057193,2008,3.0,2008-12-31,3.869016286567279,2009,2.0,2009-12-31,2.432826252705497,2010,0.5,2010-12-31,2.302376937973291,2011,0.5,2011-12-31,2.2975452960250013,2012,0.5,2.8937652863458774,2015-12-31,1.4603532498104776,2016-12-31,1.1596462916563457,2017-12-31,0.87426541694763,2018-12-31,0.6166321350654478,2019-12-31,0.3987084234826903,0.2885053255841959
150,150,150,MW-84d,2011-12-31,0.5,2012,0.5,2012-12-31,0.5,2012-01-06,0.5,2013-12-31,0.5,2014,2.0,2014-12-31,0.5,2015,3.0,2015-12-31,0.5,2015-07-06,3.0,2.95,2015-12-31,0.0,2016-12-31,0.0,2017-12-31,0.0,2018-12-31,0.0,2019-12-31,0.0,0.0
151,151,151,MW-82s,2016-12-31,419.59746224327097,2017,370.0,2017-12-31,653.200705458662,2018,320.0,2018-12-31,890.8796184029555,2019,360.0,2019-12-31,1132.7053091802622,2020,340.0,2020-12-31,1378.7617862986533,2020-09-08,340.0,420544.7086983469,2015-12-31,1229.783363861982,2016-12-31,987.6071486128484,2017-12-31,623.1493365527955,2018-12-31,608.7813988693906,2019-12-31,5887.444347908672,7018622.050524895
152,152,152,MW-64,2016-12-31,40.37040978287241,2017,39.75,2017-12-31,38.95066893456317,2018,44.0,2018-12-31,37.697885415723846,2019,39.5,2019-12-31,36.58065819403616,2020,43.75,2020-12-31,35.575374647826656,2020-10-07,42.0,24.360708465691868,2015-12-31,30.50935070254612,2016-12-31,19.87857367925366,2017-12-31,8.495208380599559,,,,,
153,153,153,MW-30i,,,,,,,,,,,,,,,,,,,,,,2015-12-31,0.0,2016-12-31,0.0,2017-12-31,0.0,2018-12-31,0.0,2019-12-31,0.0,0.631896403075981
154,154,154,MW-90,2016-12-31,44.0,2017,38.75,2017-12-31,61.0,2018,32.25,2018-12-31,78.0,2019,11.35,2019-12-31,95.0,2020,5.8,2020-12-31,112.0,2020-10-21,4.3,4970.455500000001,2015-12-31,32.41366800241244,2016-12-31,32.766663493645744,2017-12-31,33.11869451632377,2018-12-31,33.470725539001805,2019-12-31,33.82275656167984,82.97793356534105
155,155,155,PMW-2,2016-12-31,2700.0,2017,4300.0,2017-12-31,2700.0,2018,5700.0,2018-12-31,2700.0,2019,6400.0,2019-12-31,2700.0,2020,6800.0,2020-12-31,2700.0,2020-08-21,6800.0,11774000.0,2015-12-31,3989.4066830616703,2016-12-31,3989.4066830616703,2017-12-31,3989.4066830616703,2018-12-31,3989.4066830616703,2019-12-31,3989.4066830616703,11053.789513616768
156,156,156,MW-59d,2016-12-31,0.5,2017,0.5,2017-12-31,0.5,2018,0.5,2018-12-31,0.5,2019,0.5,2019-12-31,0.5,2020,0.5,2020-12-31,0.5,2020-08-13,0.5,0.0,2015-12-31,0.0,2016-12-31,0.0,2017-12-31,0.0,2018-12-31,0.0,2019-12-31,0.0,0.0
157,157,157,TW-17,2016-12-31,561.7112214558074,2017,345.0,2017-12-31,820.0795310303603,2018,303.3333333333333,2018-12-31,1182.4890832572091,2019,240.0,2019-12-31,1752.0772069981758,2020,150.5,2020-12-31,2907.460265733138,2020-11-23,330.0,2082125.4059614867,2015-12-31,463.10404032277904,2016-12-31,463.10404032277904,2017-12-31,463.10404032277904,2018-12-31,463.10404032277904,2019-12-31,463.10404032277904,53784.43216573371
158,158,158,MW-10d,2016-12-31,905.0,2017,625.0,2017-12-31,905.0,2018,343.6,2018-12-31,905.0,2019,400.0,2019-12-31,905.0,2020,372.5,2020-12-31,905.0,2020-10-14,320.0,254875.242,2015-12-31,685.9552461814401,,,,,,,,,
159,159,159,MW-105d,2016-12-31,215.41873290825524,2017,215.0,2017-12-31,141.56887942058327,2018,195.0,2018-12-31,67.71902593291128,2019,207.5,2019-12-31,3.333333333333333,2020,167.5,2020-12-31,0.0,2020-11-11,150.0,14368.89502784184,2015-12-31,383.0251929724408,2016-12-31,312.1531576524408,2017-12-31,241.24808188285365,2018-12-31,170.34300611326648,2019-12-31,99.43793034367928,9527.686402100331
160,160,160,NMW-3s,2016-12-31,308.0186299338704,2017,410.0,2017-12-31,289.4364677368609,2018,420.0,2018-12-31,270.96405631566176,2019,410.0,2019-12-31,252.60283535406447,2020,330.0,2020-12-31,234.35429188265795,2020-08-21,330.0,12383.29040205699,2015-12-31,499.69940345472287,2016-12-31,498.6079866012929,2017-12-31,497.9094995066153,2018-12-31,497.47327234424574,2019-12-31,497.2083036283493,606.891985310362
161,161,161,MW-39s,2016-12-31,0.0,2017,1.75,2017-12-31,0.0,2018,1.475,2018-12-31,0.0,2019,2.025,2019-12-31,0.0,2020,2.1,2020-12-31,0.0,2020-10-16,2.3,3.80775,2015-12-31,8.201345454599682,2016-12-31,7.645435993627949,2017-12-31,6.482310378266785,2018-12-31,3.836196574503443,2019-12-31,1.635079735367654,19.51615081584061
162,162,162,3225 Dexter Rd,2007-12-31,0.5,2008,0.5,2008-12-31,0.5,2009,0.5,2009-12-31,0.5,2010,0.625,2010-12-31,0.5,2011,0.5,2011-12-31,0.5,2011-05-03,0.5,0.003125,2015-12-31,0.0,2016-12-31,0.0,2017-12-31,0.0,2018-12-31,0.0,2019-12-31,0.0,0.0
163,163,163,TW-10,2016-12-31,146.84660952615508,2017,330.0,2017-12-31,107.61852423225024,2018,293.3333333333333,2018-12-31,78.72404526916203,2019,375.55555555555554,2019-12-31,57.48215410605808,2020,387.5,2020-12-31,41.89572450082221,2020-11-23,320.0,68479.57338396358,2015-12-31,494.27298612927,2016-12-31,425.7857435533497,2017-12-31,366.2372435164643,2018-12-31,314.54302873089523,2019-12-31,269.7384161912785,7147.238017738908
164,164,164,MW-103s,2016-12-31,80.09353137383219,2017,63.083333333333336,2017-12-31,81.90455484174406,2018,72.66666666666667,2018-12-31,87.99735384165541,2019,78.08333333333333,2019-12-31,91.70654851802392,2020,79.23076923076923,2020-12-31,96.36777001275784,2020-12-04,76.0,208.6928684137095,2015-12-31,69.99305089958587,2016-12-31,74.53131844664253,2017-12-31,79.06958599369919,2018-12-31,83.60785354075585,2019-12-31,88.14612108781252,213.07967583307217
165,165,165,MW-55,2012-12-31,39.93944485934777,2013,17.0,2013-12-31,64.31833457804332,2014,28.0,2014-12-31,91.63666915608664,2015,29.0,2015-12-31,121.89444859347772,2016,26.0,2016-12-31,155.0916728902166,2016-06-08,26.0,6325.799432117728,2015-12-31,30.19632569161409,2016-12-31,35.53746008194843,2017-12-31,41.823335791705446,2018-12-31,49.22105892520628,2019-12-31,57.92729336044759,396.2025420597273
166,166,166,TW-19,2016-12-31,688.0,2017,667.5,2017-12-31,688.0,2018,545.8333333333334,2018-12-31,688.0,2019,542.5,2019-12-31,688.0,2020,542.3076923076923,2020-12-31,688.0,2020-12-03,480.0,21258.421926364237,2015-12-31,790.7889114042005,2016-12-31,790.7889114042005,2017-12-31,790.7889114042005,2018-12-31,790.7889114042005,2019-12-31,790.7889114042005,25932.581813970697
167,167,167,MW-99s,2016-12-31,0.5,2017,0.5,2017-12-31,0.5,2018,0.5,2018-12-31,0.5,2019,0.5,2019-12-31,0.5,2020,0.5,2020-12-31,0.5,2020-08-13,0.5,0.0,2015-12-31,0.0,2016-12-31,0.0,2017-12-31,0.0,2018-12-31,0.0,2019-12-31,0.0,0.0
168,168,168,TW-21,2016-12-31,176.00852120883053,2017,181.66666666666663,2017-12-31,225.39745229904267,2018,229.16666666666663,2018-12-31,185.68554321198624,2019,224.6153846153846,2019-12-31,194.703593784943,2020,273.57142857142856,2020-12-31,172.6396639549629,2020-12-03 00:00:00,190.0,1616.654154033976,2015-12-31,254.5298886899987,2016-12-31,526.6573705075054,2017-12-31,1319.4274336840508,2018-12-31,4630.348550980989,2019-12-31,34117.02258178403,234111631.71438465
169,169,169,MW-76d,2011-12-31,3.733053150108376,2011-10-07,3.0,2012-12-31,3.975226555944354,2013,3.0,2013-12-31,3.975226555944352,2013-07-11,3.0,2014-12-31,4.708279706052728,2015,5.0,2015-12-31,4.949563306636933,2015-07-06,5.0,0.5054290363320129,2015-12-31,3.157149702651812,2016-12-31,3.036454341627174,2017-12-31,3.146376749179615,2018-12-31,3.157757942112531,2019-12-31,3.288101313574658,0.1526077084648796
170,170,170,MW-120d,2016-12-31,0.5,2017,0.5,2017-12-31,0.5,2018,0.5,2018-12-31,0.5,2019,0.5,2019-12-31,0.5,2020,0.5,2020-12-31,0.5,2020-10-12,0.5,0.0,2015-12-31,0.0,2016-12-31,0.0,2017-12-31,0.0,2018-12-31,0.0,2019-12-31,0.0,0.0
171,171,171,MW-104,2016-12-31,6.278292887007019,2017,10.4,2017-12-31,8.542860652181709,2018,13.0,2018-12-31,8.794380204001603,2019,16.25,2019-12-31,11.033495066588197,2020,20.5,2020-12-31,11.260785529201089,2020-10-15,22.0,59.47725406755539,2015-12-31,3.3401957701570937,2016-12-31,3.3449457995334737,2017-12-31,3.35320900575844,2018-12-31,3.3485361545028582,2019-12-31,3.347019103006109,80.39635715020435
172,172,172,3365 Jackson Rd,2016-12-31,157.3,2017,160.0,2017-12-31,157.3,2018,170.0,2018-12-31,157.3,2019,150.0,2019-12-31,157.3,2020,180.0,2020-12-31,157.3,2020-08-11,180.0,250.48999999999975,2015-12-31,180.71040971636907,2016-12-31,167.21710786199915,2017-12-31,153.72380600762924,2018-12-31,140.23050415325932,2019-12-31,126.7372022988894,611.474294115009
173,173,173,PW-1,2016-12-31,470.0,2017,818.75,2017-12-31,470.0,2018,822.5,2018-12-31,470.0,2019,765.0,2019-12-31,470.0,2020,595.3846153846154,2020-12-31,470.0,2020-12-03,500.0,69905.82285502958,2015-12-31,755.045690675196,2016-12-31,755.045690675196,2017-12-31,755.045690675196,2018-12-31,755.045690675196,2019-12-31,755.045690675196,815.7497218693445
174,174,174,MW-126s,2016-12-31,0.5,2017,0.5,2017-12-31,0.5,2018,0.5,2018-12-31,0.5,2019,0.5,2019-12-31,0.5,2020,0.5,2020-12-31,0.5,2020-10-16,0.5,0.0,2015-12-31,0.0,2016-12-31,0.0,2017-12-31,0.0,2018-12-31,0.0,2019-12-31,0.0,0.0
175,175,175,MW-37,2016-12-31,299.9999996825226,2017,246.0,2017-12-31,299.9999996825226,2018,252.5,2018-12-31,299.9999996825226,2019,220.0,2019-12-31,299.9999996825226,2020,242.5,2020-12-31,299.9999996825226,2020-12-09,230.0,3955.699960759797,2015-12-31,247.00823922564268,2016-12-31,258.8764410090098,2017-12-31,273.9372330878232,2018-12-31,292.1586895591263,2019-12-31,313.5092037789982,1828.570044239676
176,176,176,2805 Dexter Rd,2002-12-31,572.018069859867,2003,242.0,2003-12-31,667.2610303928343,2004,238.66666666666663,2004-12-31,775.2238230263084,2005,467.0,2005-12-31,896.7789395991598,2006,1107.3333333333333,2006-12-31,1033.4489503424134,2007,1293.0,99861.3760463888,2015-12-31,541.9063228872568,2016-12-31,478.77219855227526,2017-12-31,432.7039129316602,2018-12-31,456.0136987035228,2019-12-31,585.507450469605,70804.68594434317
177,177,177,MW-53d,2016-12-31,0.5,2017,0.5,2017-12-31,0.5,2018,0.5,2018-12-31,0.5,2019,0.5,2019-12-31,0.5,2020,0.5,2020-12-31,0.5,2020-12-03,0.5,0.0,2015-12-31,0.7763991071145282,2016-12-31,0.7763991071145282,2017-12-31,0.7763991071145282,2018-12-31,0.7763991071145282,2019-12-31,0.7763991071145282,0.6027955735282367
178,178,178,TW-9,2016-12-31,640.0000000001558,2017,690.0,2017-12-31,640.0000000001558,2018,650.0,2018-12-31,640.0000000001558,2019,521.6666666666666,2019-12-31,640.0000000001558,2020,492.5,2020-12-31,702.6787713912391,2020-11-23,490.0,16718.257515665773,2015-12-31,597.9376275379678,2016-12-31,415.1783328757452,2017-12-31,233.0279687269072,2018-12-31,50.87760457807099,2019-12-31,0.0,193069.0684377248
179,179,179,TW-20,,,,,,,,,,,,,,,,,,,,,,2015-12-31,757.3802569053042,2016-12-31,639.0047334239612,2017-12-31,536.5905960688982,2018-12-31,448.45739815718986,2019-12-31,373.0170269445817,136572.16374836725
180,180,180,TW-18,,,,,,,,,,,,,,,,,,,,,,2015-12-31,211.2865564570432,2016-12-31,153.38297687939345,2017-12-31,111.34800997699872,2018-12-31,80.83282498544004,2019-12-31,58.68039847749864,22155.905623458744
181,181,181,MW-106d,2015-12-31,0.3212267860470265,2016,0.5,2016-12-31,0.2961819478244707,2017,0.5,2017-12-31,0.2598291373428525,2018,0.5,2018-12-31,0.2113697795749324,2019,0.5,2019-12-31,0.1658680916394148,2020,0.5,0.065227048003298,2015-12-31,0.0,2016-12-31,0.0,2017-12-31,0.0,2018-12-31,0.0,2019-12-31,0.0,0.0
182,182,182,MW-96,2016-12-31,138.51485335586983,2017,120.0,2017-12-31,156.97911968071276,2018,130.0,2018-12-31,175.44338600555568,2019,135.0,2019-12-31,193.9076523303985,2020,125.0,2020-12-31,212.42250568626844,2020-11-16,120.0,3199.3048544290714,2015-12-31,332.75305202599856,2016-12-31,459.6961756636254,2017-12-31,761.0165303547143,2018-12-31,1997.009047503483,2019-12-31,673089498.1816325,9.06098563014658e+16
183,183,183,PMW-4,2015-12-31,972.685696389286,2016,1400.0,2016-12-31,972.685696389286,2017,1000.0,2017-12-31,972.685696389286,2018,540.0,2018-12-31,972.685696389286,2019,850.0,2019-12-31,972.685696389286,2020,580.0,107962.86667183832,2015-12-31,772.9369596165571,2016-12-31,774.8441873652397,2017-12-31,778.6268717922345,2018-12-31,784.3192001158553,2019-12-31,791.9761410232599,172.5364468208839
184,184,184,TW-11,2015-12-31,180.9591968113588,2015-10-01,240.0,2016-12-31,160.10584018800034,2015-10-01,240.0,2017-12-31,141.40342422074357,2019-07-18,210.0,2018-12-31,124.43687725754204,2019,195.0,2019-12-31,108.87050927885524,2020,192.5,5309.485886261941,2015-12-31,211.08742632026653,2016-12-31,213.8073122370218,2017-12-31,216.5536024574128,2018-12-31,219.3142755901817,2019-12-31,222.0893000074516,115.1105352586044
185,185,185,MW-91,2016-12-31,154.9316395023132,2017,225.0,2017-12-31,201.08615759539623,2018,195.0,2018-12-31,250.31793473502083,2019,185.0,2019-12-31,302.62697092118697,2020,175.0,2020-12-31,358.01763792199245,2020-10-21,170.0,12170.464986288238,2015-12-31,2909.122732081646,2016-12-31,14806.347910404922,2017-12-31,85842.20037677806,2018-12-31,497684.0616009402,2019-12-31,2885403.963137612,1715884173618.5972
186,186,186,PMW-3,2016-12-31,6404.999405260739,2017,5200.0,2017-12-31,6009.998810521478,2018,5400.0,2018-12-31,5614.998215782217,2019,5700.0,2019-12-31,5219.997621042956,2020,6500.0,2020-12-31,5004.0,2020-08-21,6500.0,1141553.9017944504,2015-12-31,7719.830560492922,2016-12-31,7463.952771164816,2017-12-31,7217.54121785506,2018-12-31,6980.609791969097,2019-12-31,6753.172359314699,648868.3656963382
187,187,187,MW-15s,2016-12-31,1.3757078683075092,2017,11.0,2017-12-31,1.3906196132024142,2018,11.0,2018-12-31,1.4045286409603437,2019,8.1,2019-12-31,1.4212608990295807,2020,5.2,2020-12-31,1.4410898266438008,2020-08-11,5.2,51.64096041172238,2015-12-31,0.0,2016-12-31,0.0,2017-12-31,0.0,2018-12-31,0.0,2019-12-31,0.0,0.6266629915153505
188,188,188,4601 Park 4 inch,2016-12-31,2.0,2017,1.25,2017-12-31,2.0,2018,1.25,2018-12-31,2.0,2019,0.95,2019-12-31,2.0,2020,0.5,2020-12-31,2.0,2020-12-07,0.5,1.3455,2015-12-31,1.94101226625765,2016-12-31,1.94101226625765,2017-12-31,1.94101226625765,2018-12-31,1.94101226625765,2019-12-31,1.94101226625765,0.0020350891470583
189,189,189,MW-56s,2016-12-31,58.0,2017,81.5,2017-12-31,58.0,2018,71.75,2018-12-31,58.0,2019,65.0,2019-12-31,58.0,2020,60.0,2020-12-31,58.0,2020-11-20,53.0,163.8625,2015-12-31,67.5619422956614,2016-12-31,62.02353608171085,2017-12-31,53.2220937879617,2018-12-31,40.36514299044483,2019-12-31,21.15056434726944,633.8960482707414
190,190,190,MW-5d,2016-12-31,14300.0,2017,12320.0,2017-12-31,14300.0,2018,10025.0,2018-12-31,14300.0,2019,5550.0,2019-12-31,14300.0,2020,4050.0,2020-12-31,14300.0,2020-11-18,5900.0,54876205.0,2015-12-31,16210.0475650651,2016-12-31,16026.7467705178,2017-12-31,15843.4459759705,2018-12-31,15660.1451814232,2019-12-31,15476.8443868759,12225159.775997426
191,191,191,TW-8,2014-12-31,385.8865207431039,2015,674.1666666666666,2015-12-31,349.5592926888662,2016,702.5,2016-12-31,312.8819346546346,2017,698.3333333333334,2017-12-31,276.13408357986856,2018,730.0,2018-12-31,239.1826878488884,2018-11-09,730.0,160628.25402989733,2015-12-31,598.6427169657495,2016-12-31,593.435319891405,2017-12-31,588.2279228170606,2018-12-31,583.0205257427162,2019-12-31,577.8131286683717,8501.611103132169
192,192,192,MW-31,2016-12-31,14.88888888888889,2017,11.0,2017-12-31,14.88888888888889,2018,9.0,2018-12-31,14.88888888888889,2019,8.4,2019-12-31,14.88888888888889,2020,0.5,2020-12-31,14.88888888888889,2020-08-14,0.5,101.19767901234567,2015-12-31,14.83610328472144,2016-12-31,12.918217276321244,2017-12-31,11.082489097152925,2018-12-31,9.359411303079884,2019-12-31,7.773996517430834,7.291730811868414
193,193,193,MW-123d,2016-12-31,0.5,2017,0.5,2017-12-31,0.5,2018,0.5,2018-12-31,0.5,2019,0.5,2019-12-31,0.5,2020,0.5,2020-12-31,0.5,2020-10-15,0.5,0.0,2015-12-31,0.0,2016-12-31,0.0,2017-12-31,0.0,2018-12-31,0.0,2019-12-31,0.0,0.0
194,194,194,MW-36,2016-12-31,0.5,2017,0.5,2017-12-31,0.5,2018,0.5,2018-12-31,0.5,2019,0.5,2019-12-31,0.5,2020,0.5,2020-12-31,0.5,2020-08-25,0.5,0.0,2015-12-31,0.0,2016-12-31,0.0,2017-12-31,0.0,2018-12-31,0.0,2019-12-31,0.0,0.0
195,195,195,456 Clarendon,2016-12-31,788.3031934866616,2017,710.0,2017-12-31,788.3031934866616,2018,630.0,2018-12-31,788.3031934866616,2019,590.0,2019-12-31,788.3031934866616,2020,530.0,2020-12-31,788.3031934866616,2020-10-28,500.0,44070.9437730617,2015-12-31,743.8260923080051,2016-12-31,766.7772604659591,2017-12-31,789.7284286239131,2018-12-31,812.6795967818672,2019-12-31,835.6307649398212,18533.211198058743
196,196,196,TW-6,2016-12-31,91.0,2017,97.5,2017-12-31,91.0,2018,58.0,2018-12-31,91.0,2019,68.0,2019-12-31,91.0,2020,76.5,2020-12-31,91.0,2020-11-11,76.0,419.1,2015-12-31,65.42429386708983,2016-12-31,80.05996220405915,2017-12-31,103.35239933055443,2018-12-31,117.9502666219811,2019-12-31,166.87358125671804,4240.758465935433
197,197,197,373 Pinewood Deep,2016-12-31,0.5,2017,0.5,2017-12-31,0.5,2018,0.5,2018-12-31,0.5,2019,0.5,2019-12-31,0.5,2020,0.5,2020-12-31,0.5,2020-12-16,0.5,0.0,2015-12-31,0.0,2016-12-31,0.0,2017-12-31,0.0,2018-12-31,0.0,2019-12-31,0.0,0.0
198,198,198,TW-1,2016-12-31,110.0,2017,79.5,2017-12-31,110.0,2018,64.0,2018-12-31,110.0,2019,44.0,2019-12-31,110.0,2020,37.5,2020-12-31,110.0,2020-11-23,35.0,3656.7,,,,,,,,,,,
199,199,199,MW-79s,2016-12-31,146.71045261848138,2017,470.0,2017-12-31,80.0,2018,460.0,2018-12-31,80.0,2019,410.0,2019-12-31,80.0,2020,287.5,2020-12-31,80.0,2020-10-20,260.0,86654.47628922944,2015-12-31,460.9876581764208,2016-12-31,458.69434307154455,2017-12-31,456.4010279666683,2018-12-31,385.53822973067065,2019-12-31,260.57897400401873,7665.641389814604
200,200,200,MW-11s,2006-12-31,1300.5827837949778,2007,2.75,2007-12-31,35.18409798602579,2008,0.5,2008-12-31,35.280492775028506,2009,0.5,2009-12-31,35.18409798602579,2010,15.75,2010-12-31,35.18409798602602,2010-10-14,31.0,337435.5589728573,2015-12-31,0.0,2016-12-31,0.0,2017-12-31,0.0,2018-12-31,0.0,2019-12-31,0.0,154905.5488846941
201,201,201,MW-22,2016-12-31,310.0,2017,307.5,2017-12-31,310.0,2018,452.5,2018-12-31,310.0,2019,487.5,2019-12-31,310.0,2020,610.0,2020-12-31,310.0,2020-11-18,660.0,52863.75,2015-12-31,1234.562166821907,2016-12-31,1142.1797388039647,2017-12-31,1056.934881598974,2018-12-31,978.0521453746172,2019-12-31,905.0567028545112,394604.4076705456
202,202,202,MW-118,2016-12-31,47.53915290118915,2017,52.5,2017-12-31,40.708367496614144,2018,42.75,2018-12-31,34.324002405269525,2019,53.25,2019-12-31,28.521204118749363,2020,55.0,2020-12-31,27.35932372679761,2020-10-27,54.0,359.564783157382,2015-12-31,143.52776215313872,2016-12-31,182.7875303009296,2017-12-31,231.6583636381506,2018-12-31,295.4861501736565,2019-12-31,375.2900143072694,44768.76565953008
203,203,203,MW-38d,2016-12-31,34.999999999999986,2017,50.0,2017-12-31,34.999999999999986,2018,47.0,2018-12-31,34.999999999999986,2019,33.5,2019-12-31,34.999999999999986,2020,35.0,2020-12-31,34.999999999999986,2020-10-09,28.0,84.05000000000011,2015-12-31,49.57789145711931,2016-12-31,49.57789145711931,2017-12-31,49.57789145711931,2018-12-31,49.57789145711931,2019-12-31,49.57789145711931,28.27999872325508
204,204,204,NMW-2d,2016-12-31,865.0,2017,780.0,2017-12-31,820.0,2018,840.0,2018-12-31,850.0,2019,840.0,2019-12-31,850.0,2020,910.0,2020-12-31,865.0,2020-08-21,910.0,2670.0,2015-12-31,793.1524373724465,2016-12-31,790.2261495640417,2017-12-31,785.6981418973857,2018-12-31,779.5928033048972,2019-12-31,771.9440887266313,42.69476653807779
205,205,205,MW-13,2005-12-31,0.5,2006,0.5,2006-12-31,0.5,2007,0.5,2007-12-31,0.5,2008,0.5,2008-12-31,0.5,2009,0.5,2009-12-31,0.5,2010,0.5,0.0,2015-12-31,0.0,2016-12-31,0.0,2017-12-31,0.0,2018-12-31,0.0,2019-12-31,0.0,0.0
206,206,206,MW-98d,2016-12-31,17.49223893529116,2017,14.5,2017-12-31,18.747372082840823,2018,16.5,2018-12-31,19.983055372163093,2019,17.0,2019-12-31,21.202108111454454,2020,19.0,2020-12-31,22.408355109235966,2020-10-29,21.0,5.947107745248061,2015-12-31,13.61452486084797,2016-12-31,14.028827589960938,2017-12-31,14.443130319073909,2018-12-31,14.857433048186875,2019-12-31,15.271735777299847,1.196203002288336
207,207,207,175 Jackson Plaza,2016-12-31,1164.1763740907395,2017,930.0,2017-12-31,1273.2097215855688,2018,750.0,2018-12-31,1385.6794111213844,2019,800.0,2019-12-31,1501.4167746360652,2020,960.0,2020-12-31,1620.5863645328348,2020-11-02,1000.0,269973.3838513653,2015-12-31,759.505250837032,2016-12-31,773.5621805167141,2017-12-31,787.619110196396,2018-12-31,801.676039876078,2019-12-31,815.73296955576,2351.740347558295
208,208,208,MW-116,,,,,,,,,,,,,,,,,,,,,,2015-12-31,487.914794128277,2016-12-31,487.914794128277,2017-12-31,487.914794128277,2018-12-31,487.914794128277,2019-12-31,487.914794128277,4645.813833077029
209,209,209,MW-78,2016-12-31,24.30232620344377,2017,27.5,2017-12-31,23.35026385308594,2018,27.0,2018-12-31,22.490974411119254,2019,25.0,2019-12-31,21.71541770015605,2020,22.0,2020-12-31,21.01361357811367,2020-12-08,22.0,6.178969263119596,2015-12-31,30.00697951026958,2016-12-31,31.36110154646406,2017-12-31,31.36110154646406,2018-12-31,31.36110154646406,2019-12-31,31.338882275374186,3.909214241640258
210,210,210,MW-34s,2016-12-31,0.5,2017,0.5,2017-12-31,0.5,2018,0.5,2018-12-31,0.5,2019,0.5,2019-12-31,0.5,2020,0.5,2020-12-31,0.5,2020-10-09,0.5,0.0,2015-12-31,0.0,2016-12-31,0.0,2017-12-31,0.0,2018-12-31,0.0,2019-12-31,0.0,0.0
211,211,211,MW-121s,2016-12-31,0.5,2017,0.5,2017-12-31,0.5,2018,0.5,2018-12-31,0.5,2019,0.5,2019-12-31,0.5,2020,0.5,2020-12-31,0.5,2020-10-08,0.5,0.0,2015-12-31,0.0,2016-12-31,0.0,2017-12-31,0.0,2018-12-31,0.0,2019-12-31,0.0,0.0
212,212,212,MW-108d,,,,,,,,,,,,,,,,,,,,,,2015-12-31,2608.819642687188,2016-12-31,4900.728675490192,2017-12-31,9115.013524257918,2018-12-31,22321.7468396898,2019-12-31,71868.99614533687,1124473558.788562
213,213,213,MW-54d,2016-12-31,29.0,2017,12.88,2017-12-31,55.0,2018,18.0,2018-12-31,62.0,2019,11.5,2019-12-31,30.0,2020,33.0,2020-12-31,34.0,2020-10-19,55.0,925.82088,2015-12-31,37.51546073337016,2016-12-31,38.892337969984254,2017-12-31,40.29849169450259,2018-12-31,41.73392190692516,2019-12-31,43.19862860725197,80.07422424461879
214,214,214,4742 Park Rd,,,,,,,,,,,,,,,,,,,,,,2015-12-31,13.38523078702444,2016-12-31,11.827722043909183,2017-12-31,10.216728789435155,2018-12-31,8.554570164669691,2019-12-31,6.841246169612788,16.682335862857208
215,215,215,MW-49,2016-12-31,0.5,2017,0.5,2017-12-31,0.5,2018,0.5,2018-12-31,0.5,2019,0.5,2019-12-31,0.5,2020,0.5,2020-12-31,0.5,2020-11-17,0.5,0.0,2015-12-31,0.0,2016-12-31,0.0,2017-12-31,0.0,2018-12-31,0.0,2019-12-31,0.0,0.0
216,216,216,MW-127d,2016-12-31,0.5,2017,0.5,2017-12-31,0.5,2018,0.5,2018-12-31,0.5,2019,0.5,2019-12-31,0.5,2020,0.5,2020-12-31,0.5,2020-12-08,0.5,0.0,2015-12-31,0.0,2016-12-31,0.0,2017-12-31,0.0,2018-12-31,0.0,2019-12-31,0.0,0.0
217,217,217,MW-94s,2016-12-31,53.12500271735315,2017,465.0,,,,,,,,,,,,,,,,,,2015-12-31,325.73158035030616,2016-12-31,575.9490658204344,2017-12-31,1108.4785263380854,2018-12-31,2401.556255273188,2019-12-31,6179.453530567442,6976897.693066339
218,218,218,MW-52s,2016-12-31,674.6271541619959,2017,330.0,2017-12-31,604.9772212875703,2018,265.0,2018-12-31,630.5187524260386,2019,230.0,2019-12-31,560.868819551613,2020,170.0,2020-12-31,478.0458850177208,2020-10-14,150.0,131032.03883997104,2015-12-31,659.9615491421708,2016-12-31,659.9615491421708,2017-12-31,659.9615491421708,2018-12-31,659.9615491421708,2019-12-31,659.9615491421708,18120.95121473745
219,219,219,MW-85,2016-12-31,1137.944244269172,2017,827.5,2017-12-31,470.3859564162535,2018,637.5,2018-12-31,678.9161612305993,2019,557.5,2019-12-31,525.9210169195063,2020,570.0,2020-12-31,234.2782276560331,2020-10-19,600.0,54947.99761731307,2015-12-31,1400.0,2016-12-31,1400.0,2017-12-31,1400.0,2018-12-31,1400.0,2019-12-31,1300.0,480177.0236685694
220,220,220,MW-71,2016-12-31,2203.4109974788707,2017,1313.3333333333333,2017-12-31,2306.418789617943,2018,485.0,2018-12-31,2409.426581757014,2019,475.0,2019-12-31,2512.434373896086,2020,785.0,2020-12-31,2615.845371374957,2020-10-29,700.0,2901260.7717457605,2015-12-31,1830.1338685120684,2016-12-31,1992.5251968311663,2017-12-31,2010.264113633797,2018-12-31,2033.1781333901563,2019-12-31,2053.5881089180625,1426811.1261388336
221,221,221,LB-1,2014-12-31,568.9000000000001,2013-12-02,550.0,2015-12-31,581.8,2017-07-26,400.0,2016-12-31,594.7,2017,385.0,2017-12-31,607.6,2017-08-07,370.0,2018-12-31,620.5000000000001,2019,380.0,38335.31000000001,2015-12-31,376.19987224953184,2016-12-31,307.3837732165225,2017-12-31,238.97732985160889,2018-12-31,170.98054215479098,2019-12-31,103.3934101260688,45035.09954058034
222,222,222,MW-52i,2016-12-31,0.5,2017,0.5,2017-12-31,0.5,2018,3.3,2018-12-31,0.5,2019,1.3,2019-12-31,0.5,2020,2.2,2020-12-31,0.5,2020-09-21,2.2,2.852,2015-12-31,0.0,2016-12-31,0.0,2017-12-31,0.0,2018-12-31,0.0,2019-12-31,0.0,0.0
223,223,223,MW-72d,2016-12-31,845.3924953928483,2017,902.5,2017-12-31,487.3934158715657,2018,455.75,2018-12-31,190.8271709609554,2019,590.0,2019-12-31,0.0,2020,520.0,2020-12-31,0.0,2020-11-10,600.0,158800.3040587022,2015-12-31,1969.8532941027065,2016-12-31,1891.2006616388885,2017-12-31,1808.300236953149,2018-12-31,1721.2424591170316,2019-12-31,1630.1158416781302,30338.72359956127
224,224,224,MW-117,2016-12-31,0.5,2017,0.5,2017-12-31,0.5,2018,0.5,2018-12-31,0.5,2019,0.5,2019-12-31,0.5,2020,2.25,2020-12-31,0.5,2020-10-26,0.5,0.6125,2015-12-31,0.0,2016-12-31,0.0,2017-12-31,0.0,2018-12-31,0.0,2019-12-31,0.0,0.0
225,225,225,NMW-1d,2016-12-31,810.0,2017,650.0,2017-12-31,810.0,2018,690.0,2018-12-31,810.0,2019,680.0,2019-12-31,810.0,2020,720.0,2020-12-31,810.0,2020-08-21,720.0,14620.0,2015-12-31,709.656296534364,2016-12-31,704.4178369957028,2017-12-31,697.4107858058317,2018-12-31,687.6987635582359,2019-12-31,681.1937499872342,65.27820225596338
226,226,226,MW-8d,2007-12-31,0.5,2008,0.5,2008-12-31,0.5,2009,0.5,2009-12-31,0.5,2010,0.5,2010-12-31,0.5,2011,0.5,2011-12-31,0.5,2012,0.5,0.0,2015-12-31,0.0,2016-12-31,0.0,2017-12-31,0.0,2018-12-31,0.0,2019-12-31,0.0,0.0
227,227,227,545 Allison,2007-12-31,0.7072985450560082,2008,10.5,2008-12-31,0.7072985450560082,2009,13.25,2009-12-31,0.7072985450560082,2010,14.0,2010-12-31,0.7072985450560082,2011,13.0,2011-12-31,0.7072985450560082,2011-04-13,10.0,133.47541658697733,2015-12-31,14.797608662185448,2016-12-31,15.290862284258296,2017-12-31,15.784115906331143,2018-12-31,16.27736952840399,2019-12-31,16.77062315047684,0.8546580240505456
228,228,228,MW-110,,,,,,,,,,,,,,,,,,,,,,2015-12-31,42.21137907288543,2016-12-31,43.11101930048561,2017-12-31,44.00820149467704,2018-12-31,44.90538368886848,2019-12-31,45.80256588305991,263.31331107170405
229,229,229,MW-119,2016-12-31,11.991396189125965,2017,90.25,2017-12-31,0.0,2018,56.25,2018-12-31,0.0,2019,36.0,2019-12-31,0.0,2020,31.75,2020-12-31,0.0,2020-10-19,33.0,2536.3068140854693,2015-12-31,65.26144589486019,2016-12-31,61.36565381807132,2017-12-31,42.4368754696881,2018-12-31,23.64064927487424,2019-12-31,0.0,528.7697201160681
230,230,230,MW-23,2015-12-31,172.29999999999976,2016,130.0,2016-12-31,172.29999999999976,2017,110.0,2017-12-31,172.29999999999976,2018,140.0,2018-12-31,172.29999999999976,2019,170.0,2019-12-31,172.29999999999976,2020,200.0,1497.2899999999893,2015-12-31,72.3,2016-12-31,63.4,2017-12-31,58.2,2018-12-31,55.8,2019-12-31,50.0,8803.37256060142
231,231,231,MW-24,,,,,,,,,,,,,,,,,,,,,,2015-12-31,704.7943227231866,2016-12-31,678.4333857644223,2017-12-31,652.0724488056579,2018-12-31,625.7115118468936,2019-12-31,599.3505748881292,2847.5742374377214
232,232,232,MW-14d,2005-12-31,0.5,2006,0.5,2006-12-31,0.5,2007,0.5,2007-12-31,0.5,2008,0.5,2008-12-31,0.5,2009,0.5,2009-12-31,0.5,2010,0.5,0.0,2015-12-31,0.0,2016-12-31,0.0,2017-12-31,0.0,2018-12-31,0.0,2019-12-31,0.0,0.0
233,233,233,MW-4s,2005-12-31,2.8563309991105874,2006,2.0,2006-12-31,2.8563417246414784,2007,0.5,2007-12-31,2.85635245017237,2008,3.0,2008-12-31,2.856363205088277,2009,2.0,2009-12-31,2.8563739306191684,2010,2.0,1.5546035939937572,2015-12-31,3.001903207363984,2016-12-31,3.0342921164370704,2017-12-31,3.067031589508264,2018-12-31,3.1001254328425505,2019-12-31,3.133577494160309,349190.6582190987
234,234,234,MW-70,2016-12-31,0.5,2017,0.5,2017-12-31,0.5,2018,0.5,2018-12-31,0.5,2019,0.5,2019-12-31,0.5,2020,0.5,2020-12-31,0.5,2020-08-10,0.5,0.0,2015-12-31,0.0,2016-12-31,0.0,2017-12-31,0.0,2018-12-31,0.0,2019-12-31,0.0,0.0
235,235,235,2678 Valley,1999-12-31,0.5,2000,0.5,2000-12-31,0.5,2001,0.5,2001-12-31,0.5,2002,0.5,2002-12-31,0.5,2003,0.5,2003-12-31,0.5,2003-08-04,0.5,0.0,2015-12-31,0.0,2016-12-31,0.0,2017-12-31,0.0,2018-12-31,0.0,2019-12-31,0.0,0.0
236,236,236,MW-48,2016-12-31,60.74525928337111,2017,40.5,2017-12-31,55.85090228130787,2018,31.5,2018-12-31,51.4341781460793,2019,24.0,2019-12-31,47.440042578587146,2020,17.5,2020-12-31,43.82054859774699,2020-11-17,18.0,663.7155950823538,2015-12-31,122.226222381871,2016-12-31,122.226222381871,2017-12-31,122.226222381871,2018-12-31,122.226222381871,2019-12-31,122.226222381871,6781.971915101438
237,237,237,A2 Cleaning Supply,2016-12-31,42.93509619433852,2017,75.58333333333333,2017-12-31,38.87019238867704,2018,80.41666666666667,2018-12-31,34.80528858301556,2019,80.28571428571429,2019-12-31,30.74038477735408,2020,61.16666666666666,2020-12-31,26.6754809716926,2020-12-10,59.0,1366.223839066742,,,,,,,,,,,
238,238,238,MW-122s,2016-12-31,83.10420194997563,2017,142.5,2017-12-31,84.84454726503986,2018,180.0,2018-12-31,86.58489258010407,2019,232.5,2019-12-31,88.32523789516831,2020,237.5,2020-12-31,90.07035127958888,2020-10-22,260.0,17000.56694956595,2015-12-31,62.50100639346932,2016-12-31,65.0812392383648,2017-12-31,67.65442226674419,2018-12-31,70.22760529512358,2019-12-31,72.80078832350299,9658.213014553225
239,239,239,MW-77,2016-12-31,1677.4165651365367,2017,1625.0,2017-12-31,1888.395521418465,2018,1475.0,2018-12-31,2096.662400284635,2019,1375.0,2019-12-31,2302.3505054430075,2020,1047.5,2020-12-31,2505.731486965759,2020-10-21,960.0,931675.1188444172,2015-12-31,2194.52818176666,2016-12-31,2809.8117525499183,2017-12-31,2933.058883254241,2018-12-31,3547.369604413746,2019-12-31,3558.735943455253,2327341.787660313
240,240,240,MW-2d,2016-12-31,32.07553871349056,2017,37.25,2017-12-31,27.99433810747847,2018,56.75,2018-12-31,28.764386120522385,2019,47.5,2019-12-31,50.393263600205856,2020,39.25,2020-12-31,52.88780753408464,2020-11-11,35.0,329.76646999272043,2015-12-31,35.60350318619396,2016-12-31,38.35756093195002,2017-12-31,41.26484484337878,2018-12-31,44.33033024326712,2019-12-31,47.558973978792025,8.844534206712629
241,241,241,ARTESIAN #1,1995-12-31,0.0,1994-09-08,22.0,1996-12-31,93.5,1999-03-26,29.0,1997-12-31,0.0,1999-03-26,29.0,1998-12-31,9.999999999999986,1999,29.25,1999-12-31,20.5,2000,6.0,1213.2125,2015-12-31,13.657199174745926,2016-12-31,11.210633006531827,2017-12-31,8.55167388707123,2018-12-31,5.555899834464735,2019-12-31,1.831455909720964,41.26834683604875
242,242,242,MW-124d,2016-12-31,0.460990407599474,2017,0.5,2017-12-31,0.460990407599474,2018,0.5,2018-12-31,0.4395800754195583,2019,0.5,2019-12-31,1.4395800754195582,2020,0.5,2020-12-31,0.4249902474826171,2020-10-26,0.5,0.1790262489965917,2015-12-31,0.0,2016-12-31,0.0,2017-12-31,0.0,2018-12-31,0.0,2019-12-31,0.0,0.0
243,243,243,MW-97s,2016-12-31,0.5,2017,0.5,2017-12-31,0.5,2018,0.5,2018-12-31,0.5,2019,0.5,2019-12-31,0.5,2020,0.5,2020-12-31,0.5,2020-07-20,0.5,0.0,2015-12-31,0.0,2016-12-31,0.0,2017-12-31,0.0,2018-12-31,0.0,2019-12-31,0.0,0.0
244,244,244,MW-46,2016-12-31,128.92016405151156,2017,125.0,2017-12-31,127.98175698356695,2018,195.0,2018-12-31,122.86304728603828,2019,101.5,2019-12-31,122.04095232139352,2020,75.5,2020-12-31,125.35922290038532,2020-11-17,91.0,1661.9617627693071,2015-12-31,138.777142582163,2016-12-31,138.777142582163,2017-12-31,138.777142582163,2018-12-31,138.777142582163,2019-12-31,138.777142582163,15.109841400217562
245,245,245,MW-11i,2008-12-31,19.0,2009,11.0,2009-12-31,19.0,2010,0.75,2010-12-31,19.0,2011,7.0,2011-12-31,19.0,2012,7.333333333333333,2012-12-31,19.0,2012-08-01,7.0,164.23472222222222,2015-12-31,4.319088004385261,2016-12-31,3.91050720540532,2017-12-31,3.335398682938118,2018-12-31,2.593762436983657,2019-12-31,1.6855984675419349,56.5492327289837
246,246,246,544 Allison,2007-12-31,0.4999999999999999,2008,6.0,2008-12-31,0.0833333333333333,2009,10.0,2009-12-31,0.0138888888888888,2010,2.0,2010-12-31,0.0023148148148148,2011,3.0,2011-12-31,0.0003858024691358,2011-09-26,3.0,30.103743385392853,2015-12-31,3.102028355810024,2016-12-31,3.075736343386982,2017-12-31,3.050104371837115,2018-12-31,3.0250375142112222,2019-12-31,3.0005146838857746,418223.47517600434
247,247,247,MW-65s,2016-12-31,11.616492220423543,2017,10.5,2017-12-31,10.392243593427091,2018,12.5,2018-12-31,9.303667279961283,2019,7.65,2019-12-31,8.33391430158312,2020,8.45,2020-12-31,7.4662068190664,2020-11-19,8.2,1.7951471484583137,2015-12-31,17.98243445690597,2016-12-31,14.941150851102613,2017-12-31,12.109521865551864,2018-12-31,9.246456851581158,2019-12-31,6.670189505124097,19.320198544022404
248,248,248,3245 Kingwood,2007-12-31,5.458649600201603,2008,4.0,2008-12-31,4.988426088992938,2009,4.0,2009-12-31,4.698011120698073,2010,3.0,2010-12-31,4.410201421649137,2011,0.5,2011-12-31,4.224533927029256,2011-09-26,0.5,7.02994293740868,2015-12-31,3.298884706504256,2016-12-31,3.296357364112417,2017-12-31,3.2941201932393525,2018-12-31,3.292155185254064,2019-12-31,3.2904425709328864,0.0684437385402784
249,249,249,Saginaw Forest Cabin #4,2010-12-31,0.5,2011,0.5,2011-12-31,0.5,2012,0.75,2012-12-31,0.5,2013,0.5,2013-12-31,0.5,2014,0.5,2014-12-31,0.5,2015,0.5,0.0125,2015-12-31,0.0,2016-12-31,0.0,2017-12-31,0.0,2018-12-31,0.0,2019-12-31,0.0,0.0
250,250,250,MW-KD-1s,2016-12-31,35.9,2017,75.5,2017-12-31,37.7,2018,87.5,2018-12-31,39.5,2019,101.75,2019-12-31,41.3,2020,125.0,2020-12-31,43.1,2020-10-28,140.0,4863.7125,2015-12-31,32.96267839013948,2016-12-31,33.17224804086351,2017-12-31,33.381245096913425,2018-12-31,33.59024215296335,2019-12-31,33.79923920901327,3015.383815970416
251,251,251,MW-63d,2014-12-31,0.5,2015,0.5,2015-12-31,0.5,2016,0.5,2016-12-31,0.5,2017,0.5,2017-12-31,0.5,2018,0.5,2018-12-31,0.5,2019,0.5,0.0,2015-12-31,0.0,2016-12-31,0.0,2017-12-31,0.0,2018-12-31,0.0,2019-12-31,0.0,0.0
253,253,253,MW-40s,2016-12-31,0.5000338431202334,2017,0.5,2017-12-31,0.5000677005686696,2018,0.5,2018-12-31,0.5001015723571218,2019,0.5,2019-12-31,0.5001354584974305,2020,0.5,2020-12-31,0.5001693590014007,2020-08-10,0.5,1.2615428679630735e-08,2015-12-31,0.0,2016-12-31,0.0,2017-12-31,0.0,2018-12-31,0.0,2019-12-31,0.0,0.0
254,254,254,3161 Dexter Rd,2005-12-31,0.5,2004-01-13,0.5,2006-12-31,0.5,2004-01-13,0.5,2007-12-31,0.5,2004-01-13,0.5,2008-12-31,0.5,2012-06-14,0.5,2009-12-31,0.5,2012-06-14,0.5,0.0,2015-12-31,0.0,2016-12-31,0.0,2017-12-31,0.0,2018-12-31,0.0,2019-12-31,0.0,0.0
255,255,255,453 Dupont,2007-12-31,6.238402902681291,2008,3.75,2008-12-31,4.921294785695582,2009,2.75,2009-12-31,4.406559037184362,2010,2.75,2010-12-31,4.771800008065306,2011,3.5,2011-12-31,5.576074475975638,2011-05-03,3.0,4.38089857248535,2015-12-31,3.348064852108733,2016-12-31,3.3480821803557737,2017-12-31,3.36073180069557,2018-12-31,3.36073180069557,2019-12-31,3.373381421035367,0.0327276197923388
256,256,256,4401 Park West,2016-12-31,5.180393386770415,2017,6.4,2017-12-31,4.457907522263025,2018,6.3,2018-12-31,3.819260443179628,2019,5.4,2019-12-31,3.254795356561337,2020,4.8,2020-12-31,2.7546757752543303,2020-08-14,4.8,2.790098221700206,2015-12-31,3.506612745272016,2016-12-31,1.4422701564722828,2017-12-31,0.0,2018-12-31,0.0,2019-12-31,0.0,17.014126684722047
257,257,257,HZ-S,2016-12-31,0.0,2017,1150.0,2017-12-31,0.0,2018,1000.0,2018-12-31,0.0,2018-12-21,1100.0,2019-12-31,0.0,2020,870.0,2020-12-31,0.0,2020-11-23,800.0,985880.0,2015-12-31,739.6954690864239,2016-12-31,712.2026104372538,2017-12-31,684.7097517880837,2018-12-31,657.2168931389136,2019-12-31,629.7240344897435,2252.541957144013
258,258,258,2575 Valley,2016-12-31,70.30330725023425,2017,66.0,2017-12-31,71.79816377745874,2018,74.0,2018-12-31,73.29302030468322,2019,87.0,2019-12-31,74.7878768319077,2020,110.0,2020-12-31,76.28682885646704,2020-08-06,110.0,517.5438709933372,2015-12-31,80.81868701313364,2016-12-31,168.33776014841382,2017-12-31,660.9716390028493,2018-12-31,972797.311112576,,,
259,259,259,2643 Dexter Rd,2008-12-31,0.659274234532658,2008-10-08,10.0,2009-12-31,0.7207608225908393,2008-10-08,10.0,2010-12-31,0.8145757895774661,2012-01-19,2.0,2011-12-31,0.9863409080881324,2012,2.0,2012-12-31,1.7010969619650342,2012-01-19,2.0,35.1751031753297,2015-12-31,0.0,2016-12-31,4.124412187556104e-06,2017-12-31,2.1989640377473307e-06,2018-12-31,2.7354089593423225e-07,2019-12-31,0.0,2875.9377531828623
260,260,260,Saginaw Forest Cabin #2,2016-12-31,0.5,2017,0.5,2017-12-31,0.5,2018,0.5,2018-12-31,0.5,2019,0.5,2019-12-31,0.5,2020,0.5,2020-12-31,0.5,2020-12-08,0.5,0.0,2015-12-31,1.870203596407852,2016-12-31,1.62325702371643,2017-12-31,1.3662080853652558,2018-12-31,1.0994260494158774,2019-12-31,0.8232666862100148,1.285154370001187
261,261,261,5005 Jackson Rd,2016-12-31,5.728988951378009,2017,15.75,2017-12-31,3.723295925286864,2018,15.0,2018-12-31,0.0874549074324626,2019,13.5,2019-12-31,0.0,2020,14.25,2020-12-31,0.0,2020-11-16,16.0,173.30871661708267,2015-12-31,20.803132124091952,2016-12-31,16.845901529902342,2017-12-31,13.10974595485778,2018-12-31,9.718021450719595,2019-12-31,6.792705785955413,40.86424782725
262,262,262,MW-45d,2016-12-31,697.369003390505,2017,711.3333333333334,2017-12-31,608.5646397407812,2018,985.0,2018-12-31,519.7602760910573,2019,920.0,2019-12-31,430.9559124413343,2020,915.0,2020-12-31,341.9082491651725,2020-11-12,890.0,167358.7331185269,2015-12-31,880.2267866830484,2016-12-31,880.2267866830484,2017-12-31,880.2267866830484,2018-12-31,880.2267866830484,2019-12-31,880.2267866830484,62179.64889297782
263,263,263,465 Dupont,2016-12-31,1716.1990899098173,2017,1150.0,2017-12-31,1937.874462161656,2018,1027.5,2018-12-31,1986.186346465763,2019,975.0,2019-12-31,1991.882380679488,2020,875.0,2020-12-31,2211.151426800069,2020-12-02,850.0,1054404.071400351,2015-12-31,1521.4797323872262,2016-12-31,1659.4380856491723,2017-12-31,1798.6348079488284,2018-12-31,1938.9582864944964,2019-12-31,2079.918687985555,562625.3565009746
264,264,264,MW-65i,2016-12-31,0.5964091181167728,2017,2.0,2017-12-31,0.3369664099780103,2018,2.3,2018-12-31,0.1797968457540884,2019,2.65,2019-12-31,0.0902864086893893,2020,3.5,2020-12-31,0.0424937288652951,2020-11-19,3.8,7.534094402978347,2015-12-31,1.8251883010007857,2016-12-31,1.8042396141374324,2017-12-31,1.7890103543268374,2018-12-31,1.7786810048943262,2019-12-31,1.7721888749556782,0.2309098041330623
265,265,265,MW-25s,2016-12-31,412.6183422084471,2017,135.0,2017-12-31,412.6183422084471,2018,265.0,2018-12-31,412.6183422084471,2019,442.5,2019-12-31,412.6183422084471,2020,385.0,2020-12-31,412.6183422084471,2020-11-18,320.0,21819.3924998184,2015-12-31,563.5076163637455,2016-12-31,558.0975272598741,2017-12-31,558.7266211271057,2018-12-31,563.4781864994857,2019-12-31,561.4043598585224,153806.09770189002
266,266,266,MW-83d,2011-12-31,0.5,2011-08-01,0.5,2012-12-31,0.5,2013,0.5,2013-12-31,0.5,2013-07-17,0.5,2014-12-31,0.5,2015,0.5,2015-12-31,0.5,2015-07-21,0.5,0.0,2015-12-31,0.0,2016-12-31,0.0,2017-12-31,0.0,2018-12-31,0.0,2019-12-31,0.0,0.0
