,Unnamed: 0,WellName,y_pred_1_date,y_pred_1_value,y_ture_1_date,y_true_1_value,y_pred_2_date,y_pred_2_value,y_ture_2_date,y_true_2_value,y_pred_3_date,y_pred_3_value,y_ture_3_date,y_true_3_value,y_pred_4_date,y_pred_4_value,y_ture_4_date,y_true_4_value,y_pred_5_date,y_pred_5_value,y_ture_5_date,y_true_5_value,rmse
0,0,MW-112d,2016-12-31,0.5,2017,0.625,2017-12-31,0.5,2018,0.8,2018-12-31,0.5,2019,0.5,2019-12-31,0.5,2020,0.75,2020-12-31,0.5,2020-11-04,0.5,0.033625
1,1,MW-61d,2016-12-31,1.3372380696611188,2017,5.4,2017-12-31,1.4137545874425652,2018,6.5,2018-12-31,1.4902711052240112,2019,6.3,2019-12-31,1.5667876230054572,2020,9.25,2020-12-31,2.3888081062045865,2020-12-14,10.0,36.49428268295894
2,2,MW-42s,2016-12-31,0.5,2017,0.5,2017-12-31,0.5,2018,0.5,2018-12-31,0.5,2019,0.5,2019-12-31,0.5,2020,0.5,2020-12-31,0.5,2020-08-07,0.5,0.0
3,3,SW-1M,2006-12-31,0.1822944567310795,2007,0.5,2007-12-31,0.0138243257190356,2008,0.5,2008-12-31,0.006470700676264,2009,0.5,2009-12-31,0.003028716777423,2010,0.5,2010-12-31,0.0014176401871736,2010-08-05,0.5,0.21528791872834993
4,4,593 Allison,2011-12-31,657.7045211194187,2012,376.5,2012-12-31,726.3948860899094,2013,330.0,2013-12-31,795.7751897310609,2014,200.0,2014-12-31,865.5718154650684,2015,135.0,2015-12-31,935.538620668596,2015-11-23,160.0,345269.65896315797
5,5,AMW-1,2016-12-31,330.0,2017,300.0,2017-12-31,330.0,2018,320.0,2018-12-31,330.0,2019,340.0,2019-12-31,330.0,2020,250.0,2020-12-31,330.0,2020-08-21,250.0,2780.0
6,6,MW-84s,2017-12-31,186.9200045413164,2018,48.80833333333333,2018-12-31,294.86642312268515,2019,71.47500000000001,2019-12-31,402.81284169763416,2020,225.33333333333331,,,,,,,,,
7,7,MW-82d,2012-12-31,1.3312702455692491,2013,0.5,2013-12-31,1.7079156896559209,2014,2.0,2014-12-31,2.069722372269425,2015,2.0,2015-12-31,2.4051612309219608,2016,0.5,2016-12-31,2.793909066411328,2016-09-12,0.5,1.9345685590969968
8,8,2950 Valley,2007-12-31,0.5,2007-08-09,0.5,2008-12-31,0.5,2007-08-09,0.5,2009-12-31,0.5,2012-01-09,0.5,2010-12-31,0.5,2012-01-09,0.5,2011-12-31,0.5,2012,0.5,0.0
9,9,MW-BE-1s,2016-12-31,347.1198543830203,2017,787.5,2017-12-31,370.6401593721496,2018,730.0,2018-12-31,568.6531861795472,2019,710.0,2019-12-31,781.6200648811824,2020,652.5,2020-12-31,880.7107222555913,2020-10-22,650.0,82590.50360110348
10,10,MW-62d,2016-12-31,0.5,2017,0.5,2017-12-31,0.5,2018,0.5,2018-12-31,0.5,2019,0.5,2019-12-31,0.5,2020,0.5,2020-12-31,0.5,2020-11-20,0.5,0.0
11,11,2652 Dexter Rd,2007-12-31,0.5,2008,15.5,2008-12-31,0.5,2009,17.0,2009-12-31,0.5,2010,17.5,2010-12-31,0.5,2011,1.25,2011-12-31,0.5,2011-11-08,0.5,157.3625
12,12,MW-87s,2013-12-31,2093.0008221758567,2014,747.5,2014-12-31,2939.978384717949,2015,1002.5,2015-12-31,3783.1447371076138,2016,845.0,2016-12-31,4622.691127319318,2017,470.0,2017-12-31,5458.817973933029,2017-02-02,470.0,11266007.565174438
13,13,IW-2,2016-12-31,2620.458463479505,2017,360.0,2017-12-31,3432.8176696920714,2018,365.0,2018-12-31,3779.481401653191,2019,1062.0,2019-12-31,4576.833312048103,2020,1750.0,2020-12-31,5367.219376971723,2020-11-18 00:00:00,1700.0,8669073.484172747
14,14,MW-41s,2016-12-31,23.0,2017,17.0,2017-12-31,24.0,2018,18.0,2018-12-31,25.0,2019,17.0,2019-12-31,25.0,2020,17.0,2020-12-31,26.0,2020-12-16,15.0,64.2
15,15,SW-2M,2006-12-31,14.862577567462536,2007,0.5,2007-12-31,1.2295878047464657,2008,0.5,2008-12-31,1.3286667419101512,2009,0.5,2009-12-31,1.427890922800774,2010,0.5,2010-12-31,1.5385738970977982,2010-08-05,0.5,41.88844772394195
16,16,4470 Jackson Rd,2015-12-31,0.5,2016,0.5,2016-12-31,0.5,2017,0.5,2017-12-31,0.5,2018,0.5,2018-12-31,0.5,2019,0.5,2019-12-31,0.5,2020,0.5,0.0
17,17,MW-47d,2011-12-31,0.5,2012,0.5,2012-12-31,0.5,2013,0.5,2013-12-31,0.5,2014,0.5,2014-12-31,0.5,2015,0.5,2015-12-31,0.5,2015-11-13,0.5,0.0
18,18,MW-107,2016-12-31,705.3479750349544,2017,752.5,2017-12-31,870.4184342525499,2018,727.5,2018-12-31,1039.0642117991288,2019,720.0,2019-12-31,1211.800807803543,2020,675.0,2020-12-31,1389.134785374604,2020-10-21,670.0,185952.1820705636
19,19,TW-4,2016-12-31,34.99999999999999,2017,47.0,2017-12-31,34.99999999999999,2018,49.5,2018-12-31,34.99999999999999,2019,40.0,2019-12-31,34.99999999999999,2020,40.5,2020-12-31,34.99999999999999,2020-11-17,43.0,94.70000000000012
20,20,MW-53i,2016-12-31,40.52803538870245,2017,53.46153846153846,2017-12-31,42.28963992615306,2018,51.583333333333336,2018-12-31,44.05124446360365,2019,47.25,2019-12-31,45.81284900105426,2020,35.416666666666664,2020-12-31,47.5792798523061,2020-12-03,63.0,121.95189857333526
21,21,TW-3,2016-12-31,0.5,2017,0.75,2017-12-31,0.5,2018,4.35,2018-12-31,0.5,2019,41.0,2019-12-31,0.5,2020,42.5,2020-12-31,0.5,2020-11-23,42.0,1028.277
22,22,4141 Jackson Rd,2015-12-31,5.859855233157017,2016,3.5,2016-12-31,5.746871302697215,2017,3.0,2017-12-31,5.6426009825353125,2018,1.5,2018-12-31,5.5460940161570464,2019,3.0,2019-12-31,5.456552069537236,2020,2.0,9.74114170481509
23,23,MW-100,2016-12-31,3378.728020768496,2017,2325.0,2017-12-31,4333.466791472165,2018,2250.0,2018-12-31,5449.2687119687325,2019,2125.0,2019-12-31,6529.936960664869,2020,2150.0,2020-12-31,8060.657062905433,2020-10-28,2200.0,14006617.614135165
24,24,SW-COMB,2009-12-31,329.1761918660559,2010,519.0,2010-12-31,291.14343070830887,2011,461.5833333333333,2011-12-31,252.72816115205964,2012,446.5,2012-12-31,215.24069818941504,2013,556.0,2013-12-31,179.00861981025903,2013-04-01,556.0,72173.9533159231
25,25,MW-9d,2005-12-31,7.216464865359235,2006,0.5,2006-12-31,7.063076971252034,2007,0.5,2007-12-31,6.693748890896348,2008,0.5,2008-12-31,6.127440991521134,2009,0.5,2009-12-31,5.399047688610451,2010,0.5,36.44323306199907
26,26,MW-106s,,,,,,,,,,,,,,,,,,,,,
27,27,MW-15d,2016-12-31,3.241045010925741,2017,0.5,2017-12-31,13.397796229350108,2018,0.5,2018-12-31,58.98193426090986,2019,0.5,2019-12-31,195.8267121274676,2020,1.4,2020-12-31,616.2721096528795,2020-08-11,1.4,83892.6921455806
28,28,MW-KZ-1,2007-12-31,0.5,2008,0.5,2008-12-31,0.5,2009,0.5,2009-12-31,0.5,2010,0.5,2010-12-31,0.5,2011,0.5,2011-12-31,0.5,2011-11-15,0.5,0.0
29,29,MW-76i,2016-12-31,89.26217254331684,2017,110.83333333333331,2017-12-31,84.86708280983312,2018,100.5,2018-12-31,75.32153340873208,2019,95.66666666666669,2019-12-31,62.13012919784378,2020,88.33333333333333,2020-12-31,45.377546325478974,2020-12-02,120.0,1475.74920487173
30,30,MW-60,2016-12-31,4.0,2017,3.0,2017-12-31,4.0,2018,3.2,2018-12-31,4.0,2019,2.9,2019-12-31,4.0,2020,3.2,2020-12-31,4.0,2020-08-14,3.2,0.8259999999999998
31,31,MW-56d,2016-12-31,0.5,2017,0.5,2017-12-31,0.5,2018,0.5,2018-12-31,0.5,2019,0.5,2019-12-31,0.5,2020,0.5,2020-12-31,0.5,2020-12-14,0.5,0.0
32,32,Bethlehem Cemetery,2016-12-31,0.5,2017,0.5,2017-12-31,0.5,2018,0.5,2018-12-31,0.5,2019,0.5,2019-12-31,0.5,2020,0.5,2020-12-31,0.5,2020-10-26,0.5,0.0
33,33,MW-67,2011-12-31,0.5,2011-09-25,0.5,2012-12-31,0.5,2013,0.5,2013-12-31,0.5,2014,0.5,2014-12-31,0.5,2015,0.5,2015-12-31,0.5,2015-07-23,0.5,0.0
34,34,MW-123s,2016-12-31,0.5002012334419529,2017,0.5,2017-12-31,0.5004024668839058,2018,0.5,2018-12-31,0.5006037003258587,2019,0.5,2019-12-31,0.5008049337678115,2020,0.5,2020-12-31,0.5010061672097644,2020-10-15,0.5,4.454438797622612e-07
35,35,MW-93,2016-12-31,13.71169971564176,2017,8.25,2017-12-31,26.905244819363045,2018,3.725,2018-12-31,166.7956887296264,2019,1.225,,,,,,,,,
36,36,PMW-1,2016-12-31,123.06873153689428,2017,160.0,2017-12-31,105.77745416145994,2018,150.0,2018-12-31,100.0,2019,110.0,2019-12-31,100.0,2020,140.0,2020-12-31,100.0,2020-08-21,140.0,1323.910430147153
37,37,TW-14,2016-12-31,13.731188610256714,2017,35.5,2017-12-31,10.860461231742006,2018,42.333333333333336,2018-12-31,8.703708437285659,2019,17.5,2019-12-31,7.04978483552173,2020,33.0,2020-12-31,5.7566472349358975,2020-11-23,22.0,495.8115498069311
38,38,MOW-1,,,,,,,,,,,,,,,,,,,,,
39,39,430 Barber West,2007-12-31,143.375,2008,54.25,2008-12-31,181.75,2009,51.25,2009-12-31,220.125,2010,91.25,2010-12-31,258.49999999999994,2011,62.625,2011-12-31,296.875,2011-11-08,112.0,22825.612499999996
40,40,MW-51,2016-12-31,0.5,2017,0.5,2017-12-31,0.5,2018,0.5,2018-12-31,0.5,2019,0.5,2019-12-31,0.5,2020,0.5,2020-12-31,0.5,2020-12-10,0.5,0.0
41,41,MW-3d,2005-12-31,0.5,2006,0.5,2006-12-31,0.5,2007,0.5,2007-12-31,0.5,2008,0.5,2008-12-31,0.5,2009,0.5,2009-12-31,0.5,2010,0.5,0.0
42,42,MW-30d,2016-12-31,160.0,2017,235.0,2017-12-31,0.0,2018,192.5,2018-12-31,0.0,2019,167.5,2019-12-31,0.0,2020,127.5,2020-12-31,0.0,2020-11-10,110.0,19818.75
43,43,3249 Dexter Rd,2007-12-31,0.5,2008,0.5,2008-12-31,0.5,2009,0.5,2009-12-31,0.5,2010,0.5,2010-12-31,0.5,2011,0.5,2011-12-31,0.5,2011-05-18,0.5,0.0
44,44,697 South Wagner Rd,2016-12-31,0.5,2017,0.5,2017-12-31,0.5,2018,0.5,2018-12-31,0.5,2019,0.5,2019-12-31,0.5,2020,0.5,2020-12-31,0.5,2020-10-26,0.5,0.0
45,45,MW-79d,2016-12-31,0.0,2017,3.75,2017-12-31,12.666666666666666,2018,0.5,2018-12-31,2.0,2019,0.7,2019-12-31,0.0,2020,0.5,2020-12-31,12.666666666666666,2020-10-20,0.5,62.41161111111111
46,46,MW-69,2015-12-31,0.5,2016,0.5,2016-12-31,0.5,2017,0.5,2017-12-31,0.5,2018,0.5,2018-12-31,0.5,2019,0.5,2019-12-31,0.5,2020,0.5,0.0
47,47,435 Barber,2007-12-31,85.49834580362244,2008,13.5,2008-12-31,160.91826476616333,2009,15.0,2009-12-31,238.7246509095853,2010,16.0,2010-12-31,352.84073158918454,2010-10-25,12.0,2011-12-31,493.8564008269236,2012,11.0,85080.97600868081
48,48,MW-59s,2016-12-31,0.5,2017,0.5,2017-12-31,0.5,2018,0.5,2018-12-31,0.5,2019,0.5,2019-12-31,0.5,2020,0.5,2020-12-31,0.5,2020-08-13,0.5,0.0
49,49,MW-35,2016-12-31,12.064974963184348,2017,3.125,2017-12-31,7.642047137781431,2018,3.1,2018-12-31,7.634051093677149,2019,2.525,2019-12-31,12.00111495635631,2020,2.675,2020-12-31,6.37003764471153,2020-10-14,2.7,45.42026882295355
50,50,MW-10s,2006-12-31,33.879999999999995,2007,40.0,2007-12-31,33.879999999999995,2008,39.0,2008-12-31,33.879999999999995,2009,44.0,2009-12-31,33.879999999999995,2010,0.5,2010-12-31,33.879999999999995,2010-08-10,0.5,478.90639999999985
51,51,MW-105s,2016-12-31,627.4669755568169,2017,562.5,2017-12-31,651.3071771846804,2018,537.5,2018-12-31,508.7014874571189,2019,480.0,2019-12-31,455.4908271552199,2020,407.5,2020-12-31,382.7031488121543,2020-11-11,370.0,4092.209270956475
52,52,DOLPH,2016-12-31,81.27004603142093,2017,100.27272727272728,2017-12-31,84.8753407148058,2018,115.16666666666669,2018-12-31,93.02914648456212,2019,155.33333333333334,2019-12-31,98.22225444542062,2020,136.92307692307693,2020-12-31,108.13079528588942,2020-12-03,160.0,1869.7292158577106
53,53,NMW-3d,2016-12-31,561.6948779531864,2017,480.0,2017-12-31,503.3897559063727,2018,540.0,2018-12-31,445.0846338595591,2019,520.0,2019-12-31,386.7795118127454,2020,480.0,2020-12-31,328.47438976593173,2020-08-21,480.0,9055.349023002831
54,54,MW-39d,2016-12-31,73.7,2017,39.75,2017-12-31,73.7,2018,29.0,2018-12-31,73.7,2019,29.25,2019-12-31,73.7,2020,25.0,2020-12-31,73.7,2020-10-16,20.0,2076.3750000000005
55,55,MW-32,2016-12-31,12.304632867132868,2017,16.5,2017-12-31,11.609265734265737,2018,22.0,2018-12-31,10.913898601398602,2019,22.0,2019-12-31,10.21853146853147,2020,18.75,2020-12-31,10.0,2020-10-07,18.0,77.05121269683112
56,56,MW-103d,2016-12-31,13.864225795710176,2017,8.975,2017-12-31,11.226928005309452,2018,8.275,2018-12-31,11.332229389626278,2019,8.225000000000001,2019-12-31,10.075968580289349,2020,6.55,2020-12-31,10.314770840186377,2020-12-04,6.0,14.664596828447134
57,57,MW-101,2016-12-31,146.52178739911542,2017,120.0,2017-12-31,116.429270991649,2018,112.5,2018-12-31,70.8146248571998,2019,112.5,2019-12-31,43.87454038343261,2020,89.75,2020-12-31,38.83333333333314,2020-10-15,96.0,1565.8200901949565
58,58,440 Clarendon,2001-12-31,23.307267454234207,2002,146.75,2002-12-31,30.78054190149549,2003,132.5,2003-12-31,122.537457604594,2004,159.5,2005-12-31,32.47301043940666,2005-01-12,192.0,,,,,
59,59,110 Parkland Plaza,2015-12-31,1.647338947334558,2016,2.5,2016-12-31,1.6554089313152454,2017,1.6,2017-12-31,1.3309905620513638,2018,1.4,2018-12-31,1.181572192787482,2019,1.2,2019-12-31,0.9488204901902672,2020,1.0,0.14756444984621
60,60,TW-5,2015-12-31,718.3959024367723,2015-10-01,750.0,2016-12-31,717.9801501407244,2015-10-01,750.0,2017-12-31,717.5663991903144,2019-07-18,780.0,2018-12-31,717.1535095663838,2019,745.0,2019-12-31,716.7414783952461,2020,806.6666666666666,2956.8021585959295
61,61,MW-99d,2016-12-31,0.5,2017,0.5,2017-12-31,0.5,2018,0.5,2018-12-31,0.5,2019,0.5,2019-12-31,0.5,2020,0.5,2020-12-31,0.5,2020-08-13,0.5,0.0
62,62,MW-76s,2016-12-31,269.98080563805746,2017,274.1666666666667,2017-12-31,304.10966792871005,2018,269.1666666666667,2018-12-31,342.55283411404736,2019,269.1666666666667,2019-12-31,385.85568475604526,2020,260.8333333333333,2020-12-31,434.7743130736097,2020-12-02,230.0,12837.434398479556
63,63,MW-57,2016-12-31,5.199999908357858,2017,2.55,2017-12-31,5.199999908357858,2018,2.4000000000000004,2018-12-31,5.199999908357858,2019,2.075,2019-12-31,5.199999908357858,2020,2.075,2020-12-31,5.199999908357858,2020-11-16,0.5,11.296749398827558
64,64,MW-120s,2016-12-31,1.178888713311376,2017,0.5,2017-12-31,1.3062795268651384,2018,0.5,2018-12-31,1.4365995850534403,2019,0.5,2019-12-31,1.565332255816476,2020,0.5,2020-12-31,1.6960437027597612,2020-10-12,0.5,0.9107297394840049
65,65,MW-68,2016-12-31,0.5,2017,0.5,2017-12-31,0.5,2018,0.5,2018-12-31,0.5,2019,0.5,2019-12-31,0.5,2020,0.5,2020-12-31,0.5,2020-11-24,0.5,0.0
66,66,MW-50,2016-12-31,747.7170847527448,2017,840.0,2017-12-31,759.830957287683,2018,925.0,2018-12-31,771.9448298226213,2019,850.0,2019-12-31,784.0587023575598,2020,815.0,2020-12-31,796.2057635843745,2020-10-14,800.0,8572.263767646118
67,67,MW-92,2016-12-31,25.94491295817601,2017,32.75,2017-12-31,29.92693310421929,2018,42.75,2018-12-31,30.40011601286657,2019,53.0,2019-12-31,28.59859481903293,2020,66.25,2020-12-31,32.10669438799236,2020-10-21,72.0,746.1198310493504
68,68,MW-66,2016-12-31,1.0001009259720457,2017,1.575,2017-12-31,1.0001009259720457,2018,1.85,2018-12-31,0.0001009259720454,2019,1.65,2019-12-31,0.0001009259720452,2020,1.925,2020-12-31,0.0002018519440907,2020-10-14,2.0,2.2958866827983195
69,69,MW-126d,2016-12-31,0.5,2017,0.5,2017-12-31,0.5,2018,0.5,2018-12-31,0.5,2019,0.5,2019-12-31,0.5,2020,0.5,2020-12-31,0.5,2020-10-16,0.5,0.0
70,70,TW-15,,,,,,,,,,,,,,,,,,,,,
71,71,MW-95,2016-12-31,24.70220870337096,2017,33.5,2017-12-31,21.094774849150667,2018,26.5,2018-12-31,15.379927977838877,2019,19.0,2019-12-31,13.420159446095402,2020,18.5,2020-12-31,13.709337823989344,2020-11-13,17.0,31.27114993715411
72,72,MW-53s,2016-12-31,0.4999999999999999,2017,0.5,2017-12-31,0.4999999999999999,2018,0.5,2018-12-31,0.4999999999999999,2019,0.5,2019-12-31,0.4999999999999999,2020,0.5,2020-12-31,0.4999999999999999,2020-12-03,0.5,1.232595164407831e-32
73,73,TW-12,2015-12-31,20.76563736716025,2016,21.5,2016-12-31,18.87047681840437,2017,23.0,2017-12-31,19.300744162400857,2018,19.0,2018-12-31,20.73295034966577,2019,14.666666666666666,2019-12-31,22.165130266250884,2019-10-02,14.0,24.230369444506525
74,74,MW-88,2016-12-31,34.52644221491614,2017,305.0,2017-12-31,16.48303609065918,2018,297.5,2018-12-31,6.166626301424902,2019,225.0,2019-12-31,1.1526619534344276,2020,152.5,2020-12-31,0.0,2020-10-19,150.0,49084.1083287653
75,75,MW-43,2011-12-31,0.5,2011-09-21,0.5,2012-12-31,0.5,2013,0.5,2013-12-31,5.0,2013-07-18,0.5,2014-12-31,0.5,2015,0.5,2015-12-31,0.5,2015-07-31,0.5,4.05
76,76,MW-72s,2016-12-31,3.944898251641733,2017,2.1,2017-12-31,3.1124444431612,2018,1.7999999999999998,2018-12-31,2.455655328431729,2019,1.15,2019-12-31,1.9374620823530069,2020,1.1,2020-12-31,1.5286181562593055,2020-11-10,1.0,1.5623351412927247
77,77,NMW-1s,2016-12-31,1480.0,2017,2075.0,2017-12-31,1480.0,2018,2325.0,2018-12-31,1480.0,2019,1875.0,2019-12-31,1480.0,2020,1900.0,2020-12-31,1480.0,2020-12-16,2000.0,334175.0
78,78,MW-12d,2005-12-31,0.998364902687095,2006,0.5,2006-12-31,0.9913145286964612,2007,0.5,2007-12-31,0.996114083899056,2008,0.5,2008-12-31,0.9849432707631918,2009,0.5,2009-12-31,0.9826376042724676,2010,0.5,0.24079915189958245
79,79,MW-8s,1994-12-31,29095.833156979086,1993-08-20,19.0,1995-12-31,104224227.03733855,1996,10.0,,,,,,,,,,,,,
80,80,ARTESIAN #3,2016-12-31,14.480222264721489,2017,11.0,2017-12-31,15.240671577976377,2018,9.8,2018-12-31,16.31164223280696,2019,9.8,2019-12-31,17.61865009307019,2020,7.7,2020-12-31,19.074881641211995,2020-08-13,7.7,62.37637816393626
81,81,MW-44,2011-12-31,0.5,2010-08-04,0.5,2012-12-31,0.5,2010-08-04,0.5,2013-12-31,0.5,2015-08-13,0.5,2014-12-31,0.5,2015,0.5,2015-12-31,0.5,2016,0.5,0.0
82,82,MW-86,2011-12-31,0.4957038737783328,2011-08-03,0.5,2012-12-31,0.4918671674874,2013,0.5,2013-12-31,0.488889442849684,2013-08-21,0.5,2014-12-31,0.4885019825090255,2015,0.5,2015-12-31,0.5048719996164851,2015-07-21,0.5,7.279698637334497e-05
83,83,MW-75,2016-12-31,223.67135093359337,2017,750.0,2017-12-31,0.0,2018,845.0,2018-12-31,0.0,2019,610.0,2019-12-31,132.81358169536384,2020,265.0,2020-12-31,1353.440171715246,2020-11-12,320.0,489723.7369054228
84,84,MW-81,2016-12-31,431.490685299652,2017,265.0,2017-12-31,259.89646961271694,2018,235.0,2018-12-31,241.0284442323806,2019,167.6,2019-12-31,238.3612809426692,2020,167.5,2020-12-31,253.3950758462861,2020-10-20,170.0,9141.355745071243
85,85,MW-21,2000-12-31,0.5308228764905557,2001,0.5,2001-12-31,0.5722285295988935,2002,0.5,2002-12-31,0.7622185734197373,2003,0.5,,,,,,,,,
86,86,MW-4d,2016-12-31,1445.5611816293565,2017,642.5,2017-12-31,1509.0818022114545,2018,427.5,2018-12-31,1575.3936358465944,2019,352.5,2019-12-31,1644.619333576849,2020,320.0,2020-12-31,1716.8869359569628,2020-10-07,320.0,1403220.9583283653
87,87,476 Barber,2007-12-31,0.8176288642262103,2008,0.5,2008-12-31,0.8425062691911999,2009,0.5,2009-12-31,0.8691894589755947,2010,0.5,2010-12-31,0.8980008704679371,2011,0.5,2011-12-31,0.9292503928484628,2011-09-26,0.5,0.13943201781947892
88,88,MW-26,,,,,,,,,,,,,,,,,,,,,
89,89,MW-122d,2016-12-31,0.7640083104115787,2017,0.5,2017-12-31,1.3615326025587382,2018,0.5,2018-12-31,1.625723561371722,2019,0.5,2019-12-31,2.2232478535193025,2020,0.5,2020-12-31,2.4872561639300392,2020-10-22,0.5,1.7995925151204524
90,90,MW-19,1995-12-31,0.5,1996,1.5,1996-12-31,0.5,1997,2.333333333333333,1997-12-31,0.5,1998,4.0,1998-12-31,0.5,1999,3.0,1999-12-31,0.5,1999-08-18,3.0,5.822222222222222
91,91,MW-115,2016-12-31,427.0178819526714,2017,335.0,2017-12-31,387.966535122012,2018,492.5,2018-12-31,352.48648531131545,2019,512.5,2019-12-31,320.2511327118709,2020,505.0,2020-12-31,290.96374549695105,2020-11-05,530.0,27253.867138514463
92,92,MW-2s,2016-12-31,2.718281828459045,2017,2.65,2017-12-31,2.718281828459045,2018,1.925,2018-12-31,2.718281828459045,2019,1.95,2019-12-31,2.718281828459045,2020,1.075,2020-12-31,2.718281828459045,2020-11-11,1.5,1.0817602433397255
93,93,MW-18d,2016-12-31,211.7198144652316,2017,103.0,2017-12-31,224.04398381146987,2018,101.5,2018-12-31,237.03766257934328,2019,56.75,2019-12-31,250.73475146608143,2020,38.75,2020-12-31,265.2136192592238,2020-10-07,35.0,31455.302530126093
94,94,MW-17,2016-12-31,307.67499999999995,2017,320.0,2017-12-31,304.625,2018,307.5,2018-12-31,278.82499999999993,2019,272.5,2019-12-31,230.52499999999995,2020,272.5,2020-12-31,235.475,2020-11-09,290.0,987.010625000001
95,95,MW-124s,2016-12-31,0.5,2017,0.5,2017-12-31,0.5,2018,0.5,2018-12-31,0.5,2019,0.5,2019-12-31,0.5,2020,0.5,2020-12-31,0.5,2020-10-26,0.5,0.0
96,96,MW-97d,2016-12-31,0.5,2017,0.5,2017-12-31,0.5,2018,0.5,2018-12-31,0.5,2019,0.5,2019-12-31,0.5,2020,0.5,2020-12-31,0.5,2020-07-20,0.5,0.0
97,97,MW-28,2016-12-31,0.5,2017,0.5,2017-12-31,0.5,2018,0.5,2018-12-31,0.5,2019,0.5,2019-12-31,0.5,2020,0.5,2020-12-31,0.5,2020-12-14,0.5,0.0
98,98,373 Pinewood Shallow,2016-12-31,311.28906674472745,2017,270.0,2017-12-31,300.4511736461836,2018,270.0,2018-12-31,478.1823739272024,2019,230.0,2019-12-31,1104.6153891023428,2020,212.5,2020-12-31,2400.1668550105824,2020-12-21,210.0,1131385.4543994784
99,99,MW-11d,2016-12-31,94.0,2017,395.0,2017-12-31,94.0,2018,375.0,2018-12-31,94.0,2019,337.5,2019-12-31,94.0,2020,270.0,2020-12-31,94.0,2020-10-07,250.0,56833.25
100,100,MW-58d,2016-12-31,19.12772924503869,2017,8.1,2017-12-31,20.30461193292977,2018,13.0,2018-12-31,21.506816085865097,2019,15.5,2019-12-31,22.777315681788355,2020,15.5,2020-12-31,23.92526278312715,2020-12-09,20.0,55.88340374619902
101,101,MW-38s,2016-12-31,0.5,2017,0.5,2017-12-31,0.5,2018,0.5,2018-12-31,0.5,2019,0.5,2019-12-31,0.5,2020,0.5,2020-12-31,0.5,2020-10-09,0.5,0.0
102,102,NMW-2s,2016-12-31,2669.3859859154927,2017,2350.0,2017-12-31,2669.3859859154927,2018,2325.0,2018-12-31,2669.3859859154927,2019,2000.0,2019-12-31,2669.3859859154927,2020,2025.0,2020-12-31,2669.3859859154927,2020-12-16,2200.0,260848.64321047883
103,103,ARTESIAN #2,1996-12-31,33.47723386515792,1997,10.333333333333334,1997-12-31,28.95446773031584,1998,12.666666666666666,1998-12-31,24.43170159547376,1999,20.2,1999-12-31,19.90893546063167,2000,27.55555555555556,2000-12-31,15.386169325789588,2001,16.5,175.71026227120853
104,104,MW-89,2015-12-31,21.52164949418187,2016,2.6,2016-12-31,27.779022512269187,2017,1.2,2017-12-31,34.77010888069937,2018,0.5,2018-12-31,42.49490859947242,2019,0.5,2019-12-31,50.95342166858835,2020,1.0,1299.5660609322417
105,105,MW-98s,2016-12-31,0.5,2017,1.6,2017-12-31,0.5,2018,3.3,2018-12-31,0.5,2019,4.2,2019-12-31,0.5,2020,6.5,2020-12-31,0.5,2020-09-08,6.5,18.948
106,106,MW-16,2016-12-31,0.6163284587213668,2017,1.6,2017-12-31,0.612666948976282,2018,1.2,2018-12-31,0.6090054392311972,2019,1.7,2019-12-31,0.6053439294861125,2020,4.8,2020-12-31,0.6016723882074796,2020-08-10,4.8,7.544786646282384
107,107,MW-34d,2016-12-31,0.5,2017,0.5,2017-12-31,0.5,2018,0.5,2018-12-31,0.5,2019,0.5,2019-12-31,0.5,2020,0.5,2020-12-31,0.5,2020-10-09,0.5,0.0
108,108,MW-113,2016-12-31,58.37070127949749,2017,66.5,2017-12-31,61.6405158494995,2018,80.0,2018-12-31,64.92583617227494,2019,88.5,2019-12-31,68.22666224782377,2020,100.0,2020-12-31,71.54392513232624,2020-10-29,110.0,689.462408455612
109,109,MW-121d,2016-12-31,0.4377297250086039,2017,1.625,2017-12-31,0.3712401628163758,2018,2.025,2018-12-31,0.7952726104449681,2019,1.6749999999999998,2019-12-31,0.4831310148125995,2020,2.1,2020-12-31,1.0916817746168863,2020-10-08,2.3,1.7985501667893993
110,110,170 Aprill,2016-12-31,10.723302762339852,2017,6.6,2017-12-31,10.9009418684361,2018,4.0,2018-12-31,11.16460518126742,2019,3.5,2019-12-31,12.1363430030325,2020,3.7,2020-12-31,12.95129894961107,2020-08-17,3.7,56.025842489211094
111,111,MW-108s,2016-12-31,278.605066815828,2017,345.0,2017-12-31,51.993574893782544,2018,317.5,2018-12-31,3.086870662867376,2019,282.5,2019-12-31,0.0,2020,245.0,2020-12-31,0.0,2020-10-27,210.0,51419.72915423666
112,112,MW-54s,2016-12-31,0.5,2017,0.5,2017-12-31,0.5,2018,0.5,2018-12-31,0.5,2019,0.5,2019-12-31,0.5,2020,0.5,2020-12-31,0.5,2020-10-19,0.5,0.0
113,113,MW-27,2006-12-31,7.0,2007,10.0,2007-12-31,6.0,2008,10.0,2008-12-31,6.333333333333333,2009,5.0,2009-12-31,6.666666666666667,2010,16.0,2010-12-31,7.0,2011,7.0,22.77777777777777
114,114,MW-127s,2016-12-31,0.5,2017,0.5,2017-12-31,0.5,2018,0.5,2018-12-31,0.5,2019,0.5,2019-12-31,0.5,2020,0.5,2020-12-31,0.5,2020-12-08,0.5,0.0
115,115,MW-94d,2016-12-31,0.7020592414713982,2017,2.65,2017-12-31,1.1061777244141946,2018,2.5,2018-12-31,1.7123554488283892,2019,2.75,2019-12-31,2.520592414713982,2020,2.9,2020-12-31,3.530888622070973,2020-11-10,2.8,1.4984136485755368
116,116,580 Allison,2004-12-31,63.888778282398064,2003-10-31,0.5,2005-12-31,75.05344868389473,2003-10-31,0.5,2006-12-31,87.94534684433273,2003-10-31,0.5,2007-12-31,102.7106610359782,2003-10-31,0.5,2008-12-31,119.54447776146472,2012-03-27,10.0,7934.0108889932935
117,117,MW-20,2016-12-31,0.5,2017,0.5,2017-12-31,0.5,2018,0.5,2018-12-31,0.5,2019,0.5,2019-12-31,0.5,2020,0.5,2020-12-31,0.5,2020-10-16,0.5,0.0
118,118,MW-52d,2016-12-31,0.5000461849996574,2017,0.5,2017-12-31,0.5000323294997602,2018,0.5,2018-12-31,0.500018473999863,2019,0.5,2019-12-31,0.5000046184999658,2020,0.5,2020-12-31,0.5000508034996232,2020-09-21,0.5,1.2243731069852716e-09
119,119,MW-125,2016-12-31,118.19831974861442,2017,235.0,2017-12-31,90.78937017496374,2018,172.75,2018-12-31,73.33333333333333,2019,212.5,2019-12-31,73.3486377342423,2020,194.5,2020-12-31,73.33333333333333,2020-12-08,240.0,16436.59376372026
120,120,2819 Dexter Rd,2016-12-31,373.7241969872241,2017,257.5,2017-12-31,290.2811905372321,2018,197.5,2018-12-31,199.85455905334427,2019,157.5,2019-12-31,102.62317882173576,2020,165.0,2020-12-31,0.0,2020-10-29,180.0,12040.237955147923
121,121,MW-63i,2014-12-31,0.5,2015,0.5,2015-12-31,0.5,2016,0.5,2016-12-31,0.5,2017,0.5,2017-12-31,0.5,2018,0.5,2018-12-31,0.5,2019,0.5,0.0
122,122,5115 Jackson Rd,2012-12-31,0.5,2013,0.5,2013-12-31,0.5,2014,0.5,2014-12-31,0.5,2015,0.5,2015-12-31,0.5,2016,0.5,2016-12-31,0.5,2017,0.5,0.0
123,123,MW-45s,2016-12-31,5.0,2017,11.0,2017-12-31,5.0,2018,4.85,2018-12-31,5.0,2019,3.4,2019-12-31,5.0,2020,1.2000000000000002,2020-12-31,5.0,2020-11-12,1.1,13.6465
124,124,MW-83s,2016-12-31,360.0,2017,385.0,2017-12-31,450.0,2018,400.0,2018-12-31,384.17365374026673,2019,450.0,2019-12-31,318.34730748053346,2020,440.0,2020-12-31,298.34730748053346,2020-11-05,450.0,9051.204921509207
125,125,MW-25d,2013-12-31,266.7189508572618,2012-08-02,135.0,2014-12-31,266.7189508572618,2015,110.0,2015-12-31,266.7189508572618,2016,48.0,2016-12-31,266.7189508572618,2017,125.0,2017-12-31,266.7189508572618,2018,120.0,26271.880521915697
126,126,MW-65d,2016-12-31,27.89986799625481,2017,22.0,2017-12-31,27.17129125378621,2018,21.5,2018-12-31,26.429561307552586,2019,20.0,2019-12-31,25.67446136147369,2020,20.0,2020-12-31,24.90558387875004,2020-11-19,20.0,32.91510208007823
127,127,MW-KD-1d,2016-12-31,224.3525881141132,2017,187.5,2017-12-31,260.03061864190533,2018,232.5,2018-12-31,290.0522156779296,2019,290.0,2019-12-31,319.4363437218715,2020,355.0,2020-12-31,341.2039223421902,2020-10-28,390.0,1152.3763565294798
128,128,MW-63s,2014-12-31,0.5,2015,0.5,2015-12-31,0.5,2016,0.5,2016-12-31,0.5,2017,0.5,2017-12-31,0.5,2018,1.6666666666666667,2018-12-31,0.5,2019,0.5,0.27222222222222225
129,129,4601 Park 6 inch,2016-12-31,1.0,2017,1.8,2017-12-31,1.0,2018,1.25,2018-12-31,1.0,2019,1.65,2019-12-31,1.0,2020,1.05,2020-12-31,1.0,2020-12-07,0.5,0.27549999999999997
130,130,MW-40d,2016-12-31,0.5,2017,0.5,2017-12-31,0.5,2018,0.5,2018-12-31,0.5,2019,0.5,2019-12-31,0.5,2020,0.5,2020-12-31,0.5,2020-08-10,0.5,0.0
131,131,305 Pinewood,2006-12-31,0.5,2007,0.5,2007-12-31,0.5,2008,0.5,2008-12-31,0.5,2009,0.5,2009-12-31,0.5,2010,0.875,2010-12-31,0.5,2011,3.0,1.278125
132,132,Saginaw Forest Cabin #1,2016-12-31,12.0,2017,6.0,2017-12-31,10.0,2018,0.5,2018-12-31,7.0,2019,0.5,2019-12-31,4.0,2020,0.5,2020-12-31,1.0,2020-12-08,0.5,36.2
133,133,430 Barber East,2007-12-31,4.545510186590561,2008,0.5,2008-12-31,4.3375,2009,0.5,2009-12-31,4.3375,2010,0.5,2010-12-31,4.3375,2011,22.0,2011-12-31,4.3375,2011-09-26,22.0,133.94935553396164
134,134,AMW-2,2015-12-31,11.904550503402044,2016,150.0,2016-12-31,5.953746847293933,2017,84.0,2017-12-31,4.0,2018,95.0,2018-12-31,4.0,2019,68.0,2019-12-31,4.0,2020,180.0,13702.914160568744
135,135,MW-1,2008-12-31,53.0,2009,445.0,2009-12-31,57.0,2010,805.0,2010-12-31,0.5,2011,1454.0,2011-12-31,0.5,2012,1995.0,2012-12-31,3.0,2012-08-10,2021.0,2175236.9
136,136,MW-400 Clarendon,2011-12-31,0.5,2011-11-15,0.5,2012-12-31,0.5,2013,0.5,2013-12-31,0.5,2013-08-20,0.5,2014-12-31,0.5,2015,0.5,2015-12-31,0.5,2015-08-04,0.5,0.0
137,137,MW-BE-1d,2016-12-31,1434.674372821478,2017,595.0,2017-12-31,7842.891801036745,2018,610.0,2018-12-31,40257.9816602794,2019,622.5,2019-12-31,212927.48076071008,2020,530.0,2020-12-31,1139045.734545178,2020-10-22,590.0,268563628107.11945
138,138,3563 ELIZABETH RD,2016-12-31,2.0,2017,2.0,2017-12-31,2.0,2018,2.0,2018-12-31,2.0,2019,2.0,2019-12-31,2.0,2020,2.0,2020-12-31,2.0,2020-08-24,2.0,0.0
139,139,MW-62s,2016-12-31,0.5,2017,0.5,2017-12-31,0.5,2018,0.5,2018-12-31,0.5,2019,0.5,2019-12-31,0.5,2020,0.5,2020-12-31,0.5,2020-11-20,0.5,0.0
140,140,333 Jackson Plaza,2007-12-31,0.0,2008,28.0,2008-12-31,0.0,2009,25.0,2009-12-31,0.0,2010,19.0,2010-12-31,0.0,2011,19.0,2011-12-31,0.0,2011-08-09,19.0,498.4
141,141,MW-87d,2013-12-31,644.7076002137163,2014,610.0,2014-12-31,641.41744403251,2015,520.0,2015-12-31,638.1293920005451,2016,288.0,2016-12-31,634.8432950905478,2017,290.0,2017-12-31,631.5589937588444,2017-02-02,290.0,74823.36975142304
142,142,MW-41d,2016-12-31,28.0,2017,27.0,2017-12-31,28.0,2018,24.5,2018-12-31,28.0,2019,20.0,2019-12-31,28.0,2020,20.0,2020-12-31,28.0,2020-12-16,18.0,48.25
143,143,MW-112i,2016-12-31,6.260851567890238,2017,9.308333333333332,2017-12-31,6.509868161403194,2018,9.658333333333337,2018-12-31,6.768789040806399,2019,9.9,2019-12-31,7.038008135185511,2020,9.516666666666667,2020-12-31,7.318717059783714,2020-12-04,14.0,15.957549992689774
144,144,MW-47s,2011-12-31,0.5000016264894392,2012,0.5,2012-12-31,0.4999999832012265,2013,0.5,2013-12-31,0.5000000170598818,2014,0.5,2014-12-31,0.499999996067504,2015,0.5,2015-12-31,0.4999999925344287,2015-11-13,0.5,5.292224667218879e-13
145,145,MW-112s,2016-12-31,0.8397002848463462,2017,0.5,2017-12-31,0.8952651740357824,2018,0.5,2018-12-31,0.9168718835522364,2019,0.5,2019-12-31,0.9135913150194952,2020,0.5416666666666666,2020-12-31,0.9797383046093224,2020-12-04,0.5,0.1627779587176835
146,146,MW-61s,2016-12-31,15.000000000000004,2017,11.5,2017-12-31,15.000000000000004,2018,8.1,2018-12-31,15.000000000000004,2019,5.3,2019-12-31,15.000000000000004,2020,3.4,2020-12-31,15.000000000000004,2020-12-14,3.0,86.50200000000007
147,147,MW-42d,2016-12-31,0.5,2017,0.5,2017-12-31,0.5,2018,0.5,2018-12-31,0.5,2019,0.5,2019-12-31,0.5,2020,0.5,2020-12-31,0.5,2020-08-07,0.5,0.0
148,148,MW-62i,2016-12-31,0.5,2017,0.5,2017-12-31,0.5,2018,0.5,2018-12-31,0.5,2019,0.5,2019-12-31,0.5,2020,0.5,2020-12-31,0.5,2020-11-20,0.5,0.0
149,149,354 Pinewood,2007-12-31,3.871811626057193,2008,3.0,2008-12-31,3.869016286567279,2009,2.0,2009-12-31,2.432826252705497,2010,0.5,2010-12-31,2.302376937973291,2011,0.5,2011-12-31,2.2975452960250013,2012,0.5,2.8937652863458774
150,150,MW-84d,2011-12-31,0.5,2012,0.5,2012-12-31,0.5,2012-01-06,0.5,2013-12-31,0.5,2014,2.0,2014-12-31,0.5,2015,3.0,2015-12-31,0.5,2015-07-06,3.0,2.95
151,151,MW-82s,2016-12-31,419.59746224327097,2017,370.0,2017-12-31,653.200705458662,2018,320.0,2018-12-31,890.8796184029555,2019,360.0,2019-12-31,1132.7053091802622,2020,340.0,2020-12-31,1378.7617862986533,2020-09-08,340.0,420544.7086983469
152,152,MW-64,2016-12-31,40.37040978287241,2017,39.75,2017-12-31,38.95066893456317,2018,44.0,2018-12-31,37.697885415723846,2019,39.5,2019-12-31,36.58065819403616,2020,43.75,2020-12-31,35.575374647826656,2020-10-07,42.0,24.360708465691868
153,153,MW-30i,,,,,,,,,,,,,,,,,,,,,
154,154,MW-90,2016-12-31,44.0,2017,38.75,2017-12-31,61.0,2018,32.25,2018-12-31,78.0,2019,11.35,2019-12-31,95.0,2020,5.8,2020-12-31,112.0,2020-10-21,4.3,4970.455500000001
155,155,PMW-2,2016-12-31,2700.0,2017,4300.0,2017-12-31,2700.0,2018,5700.0,2018-12-31,2700.0,2019,6400.0,2019-12-31,2700.0,2020,6800.0,2020-12-31,2700.0,2020-08-21,6800.0,11774000.0
156,156,MW-59d,2016-12-31,0.5,2017,0.5,2017-12-31,0.5,2018,0.5,2018-12-31,0.5,2019,0.5,2019-12-31,0.5,2020,0.5,2020-12-31,0.5,2020-08-13,0.5,0.0
157,157,TW-17,2016-12-31,561.7112214558074,2017,345.0,2017-12-31,820.0795310303603,2018,303.3333333333333,2018-12-31,1182.4890832572091,2019,240.0,2019-12-31,1752.0772069981758,2020,150.5,2020-12-31,2907.460265733138,2020-11-23,330.0,2082125.4059614867
158,158,MW-10d,2016-12-31,905.0,2017,625.0,2017-12-31,905.0,2018,343.6,2018-12-31,905.0,2019,400.0,2019-12-31,905.0,2020,372.5,2020-12-31,905.0,2020-10-14,320.0,254875.242
159,159,MW-105d,2016-12-31,215.41873290825524,2017,215.0,2017-12-31,141.56887942058327,2018,195.0,2018-12-31,67.71902593291128,2019,207.5,2019-12-31,3.333333333333333,2020,167.5,2020-12-31,0.0,2020-11-11,150.0,14368.89502784184
160,160,NMW-3s,2016-12-31,308.0186299338704,2017,410.0,2017-12-31,289.4364677368609,2018,420.0,2018-12-31,270.96405631566176,2019,410.0,2019-12-31,252.60283535406452,2020,330.0,2020-12-31,234.35429188265795,2020-08-21,330.0,12383.29040205699
161,161,MW-39s,2016-12-31,0.0,2017,1.75,2017-12-31,0.0,2018,1.475,2018-12-31,0.0,2019,2.025,2019-12-31,0.0,2020,2.1,2020-12-31,0.0,2020-10-16,2.3,3.80775
162,162,3225 Dexter Rd,2007-12-31,0.5,2008,0.5,2008-12-31,0.5,2009,0.5,2009-12-31,0.5,2010,0.625,2010-12-31,0.5,2011,0.5,2011-12-31,0.5,2011-05-03,0.5,0.003125
163,163,TW-10,2016-12-31,146.84660952615508,2017,330.0,2017-12-31,107.61852423225024,2018,293.3333333333333,2018-12-31,78.72404526916203,2019,375.55555555555554,2019-12-31,57.48215410605808,2020,387.5,2020-12-31,41.89572450082221,2020-11-23,320.0,68479.57338396358
164,164,MW-103s,2016-12-31,80.09353137383219,2017,63.083333333333336,2017-12-31,81.90455484174406,2018,72.66666666666667,2018-12-31,87.99735384165541,2019,78.08333333333333,2019-12-31,91.70654851802392,2020,79.23076923076923,2020-12-31,96.36777001275784,2020-12-04,76.0,208.6928684137095
165,165,MW-55,2012-12-31,39.93944485934777,2013,17.0,2013-12-31,64.31833457804332,2014,28.0,2014-12-31,91.63666915608664,2015,29.0,2015-12-31,121.89444859347772,2016,26.0,2016-12-31,155.0916728902166,2016-06-08,26.0,6325.7994321177275
166,166,TW-19,2016-12-31,688.0,2017,667.5,2017-12-31,688.0,2018,545.8333333333334,2018-12-31,688.0,2019,542.5,2019-12-31,688.0,2020,542.3076923076923,2020-12-31,688.0,2020-12-03,480.0,21258.421926364234
167,167,MW-99s,2016-12-31,0.5,2017,0.5,2017-12-31,0.5,2018,0.5,2018-12-31,0.5,2019,0.5,2019-12-31,0.5,2020,0.5,2020-12-31,0.5,2020-08-13,0.5,0.0
168,168,TW-21,2016-12-31,176.00852120883053,2017,181.66666666666663,2017-12-31,225.39745229904267,2018,229.16666666666663,2018-12-31,185.68554321198624,2019,224.6153846153846,2019-12-31,194.703593784943,2020,273.57142857142856,2020-12-31,172.6396639549629,2020-12-03 00:00:00,190.0,1616.654154033976
169,169,MW-76d,2011-12-31,3.733053150108376,2011-10-07,3.0,2012-12-31,3.975226555944354,2013,3.0,2013-12-31,3.975226555944352,2013-07-11,3.0,2014-12-31,4.708279706052728,2015,5.0,2015-12-31,4.949563306636933,2015-07-06,5.0,0.5054290363320129
170,170,MW-120d,2016-12-31,0.5,2017,0.5,2017-12-31,0.5,2018,0.5,2018-12-31,0.5,2019,0.5,2019-12-31,0.5,2020,0.5,2020-12-31,0.5,2020-10-12,0.5,0.0
171,171,MW-104,2016-12-31,6.278292887007019,2017,10.4,2017-12-31,8.542860652181709,2018,13.0,2018-12-31,8.794380204001603,2019,16.25,2019-12-31,11.033495066588197,2020,20.5,2020-12-31,11.260785529201089,2020-10-15,22.0,59.47725406755539
172,172,3365 Jackson Rd,2016-12-31,157.3,2017,160.0,2017-12-31,157.3,2018,170.0,2018-12-31,157.3,2019,150.0,2019-12-31,157.3,2020,180.0,2020-12-31,157.3,2020-08-11,180.0,250.48999999999978
173,173,PW-1,2016-12-31,470.0,2017,818.75,2017-12-31,470.0,2018,822.5,2018-12-31,470.0,2019,765.0,2019-12-31,470.0,2020,595.3846153846154,2020-12-31,470.0,2020-12-03,500.0,69905.82285502958
174,174,MW-126s,2016-12-31,0.5,2017,0.5,2017-12-31,0.5,2018,0.5,2018-12-31,0.5,2019,0.5,2019-12-31,0.5,2020,0.5,2020-12-31,0.5,2020-10-16,0.5,0.0
175,175,MW-37,2016-12-31,299.9999996825226,2017,246.0,2017-12-31,299.9999996825226,2018,252.5,2018-12-31,299.9999996825226,2019,220.0,2019-12-31,299.9999996825226,2020,242.5,2020-12-31,299.9999996825226,2020-12-09,230.0,3955.6999607597972
176,176,2805 Dexter Rd,2002-12-31,572.018069859867,2003,242.0,2003-12-31,667.2610303928343,2004,238.66666666666663,2004-12-31,775.2238230263084,2005,467.0,2005-12-31,896.7789395991598,2006,1107.3333333333333,2006-12-31,1033.4489503424134,2007,1293.0,99861.37604638879
177,177,MW-53d,2016-12-31,0.5,2017,0.5,2017-12-31,0.5,2018,0.5,2018-12-31,0.5,2019,0.5,2019-12-31,0.5,2020,0.5,2020-12-31,0.5,2020-12-03,0.5,0.0
178,178,TW-9,2016-12-31,640.0000000001558,2017,690.0,2017-12-31,640.0000000001558,2018,650.0,2018-12-31,640.0000000001558,2019,521.6666666666666,2019-12-31,640.0000000001558,2020,492.5,2020-12-31,702.6787713912391,2020-11-23,490.0,16718.257515665773
179,179,TW-20,,,,,,,,,,,,,,,,,,,,,
180,180,TW-18,,,,,,,,,,,,,,,,,,,,,
181,181,MW-106d,2015-12-31,0.3212267860470265,2016,0.5,2016-12-31,0.2961819478244707,2017,0.5,2017-12-31,0.2598291373428525,2018,0.5,2018-12-31,0.2113697795749324,2019,0.5,2019-12-31,0.1658680916394148,2020,0.5,0.06522704800329808
182,182,MW-96,2016-12-31,138.51485335586983,2017,120.0,2017-12-31,156.97911968071276,2018,130.0,2018-12-31,175.44338600555568,2019,135.0,2019-12-31,193.9076523303985,2020,125.0,2020-12-31,212.42250568626844,2020-11-16,120.0,3199.3048544290714
183,183,PMW-4,2015-12-31,972.685696389286,2016,1400.0,2016-12-31,972.685696389286,2017,1000.0,2017-12-31,972.685696389286,2018,540.0,2018-12-31,972.685696389286,2019,850.0,2019-12-31,972.685696389286,2020,580.0,107962.86667183833
184,184,TW-11,2015-12-31,180.9591968113588,2015-10-01,240.0,2016-12-31,160.10584018800034,2015-10-01,240.0,2017-12-31,141.40342422074357,2019-07-18,210.0,2018-12-31,124.43687725754204,2019,195.0,2019-12-31,108.87050927885524,2020,192.5,5309.485886261941
185,185,MW-91,2016-12-31,154.9316395023132,2017,225.0,2017-12-31,201.08615759539623,2018,195.0,2018-12-31,250.31793473502083,2019,185.0,2019-12-31,302.62697092118697,2020,175.0,2020-12-31,358.01763792199245,2020-10-21,170.0,12170.464986288238
186,186,PMW-3,2016-12-31,6404.999405260739,2017,5200.0,2017-12-31,6009.998810521478,2018,5400.0,2018-12-31,5614.998215782217,2019,5700.0,2019-12-31,5219.997621042956,2020,6500.0,2020-12-31,5004.0,2020-08-21,6500.0,1141553.9017944504
187,187,MW-15s,2016-12-31,1.3757078683075092,2017,11.0,2017-12-31,1.3906196132024142,2018,11.0,2018-12-31,1.4045286409603437,2019,8.1,2019-12-31,1.4212608990295807,2020,5.2,2020-12-31,1.4410898266438008,2020-08-11,5.2,51.64096041172238
188,188,4601 Park 4 inch,2016-12-31,2.0,2017,1.25,2017-12-31,2.0,2018,1.25,2018-12-31,2.0,2019,0.95,2019-12-31,2.0,2020,0.5,2020-12-31,2.0,2020-12-07,0.5,1.3455
189,189,MW-56s,2016-12-31,58.0,2017,81.5,2017-12-31,58.0,2018,71.75,2018-12-31,58.0,2019,65.0,2019-12-31,58.0,2020,60.0,2020-12-31,58.0,2020-11-20,53.0,163.8625
190,190,MW-5d,2016-12-31,14300.0,2017,12320.0,2017-12-31,14300.0,2018,10025.0,2018-12-31,14300.0,2019,5550.0,2019-12-31,14300.0,2020,4050.0,2020-12-31,14300.0,2020-11-18,5900.0,54876205.0
191,191,TW-8,2014-12-31,385.8865207431039,2015,674.1666666666666,2015-12-31,349.5592926888662,2016,702.5,2016-12-31,312.8819346546346,2017,698.3333333333334,2017-12-31,276.13408357986856,2018,730.0,2018-12-31,239.1826878488884,2018-11-09,730.0,160628.25402989733
192,192,MW-31,2016-12-31,14.88888888888889,2017,11.0,2017-12-31,14.88888888888889,2018,9.0,2018-12-31,14.88888888888889,2019,8.4,2019-12-31,14.88888888888889,2020,0.5,2020-12-31,14.88888888888889,2020-08-14,0.5,101.19767901234569
193,193,MW-123d,2016-12-31,0.5,2017,0.5,2017-12-31,0.5,2018,0.5,2018-12-31,0.5,2019,0.5,2019-12-31,0.5,2020,0.5,2020-12-31,0.5,2020-10-15,0.5,0.0
194,194,MW-36,2016-12-31,0.5,2017,0.5,2017-12-31,0.5,2018,0.5,2018-12-31,0.5,2019,0.5,2019-12-31,0.5,2020,0.5,2020-12-31,0.5,2020-08-25,0.5,0.0
195,195,456 Clarendon,2016-12-31,788.3031934866616,2017,710.0,2017-12-31,788.3031934866616,2018,630.0,2018-12-31,788.3031934866616,2019,590.0,2019-12-31,788.3031934866616,2020,530.0,2020-12-31,788.3031934866616,2020-10-28,500.0,44070.9437730617
196,196,TW-6,2016-12-31,91.0,2017,97.5,2017-12-31,91.0,2018,58.0,2018-12-31,91.0,2019,68.0,2019-12-31,91.0,2020,76.5,2020-12-31,91.0,2020-11-11,76.0,419.1
197,197,373 Pinewood Deep,2016-12-31,0.5,2017,0.5,2017-12-31,0.5,2018,0.5,2018-12-31,0.5,2019,0.5,2019-12-31,0.5,2020,0.5,2020-12-31,0.5,2020-12-16,0.5,0.0
198,198,TW-1,2016-12-31,110.0,2017,79.5,2017-12-31,110.0,2018,64.0,2018-12-31,110.0,2019,44.0,2019-12-31,110.0,2020,37.5,2020-12-31,110.0,2020-11-23,35.0,3656.7
199,199,MW-79s,2016-12-31,146.71045261848138,2017,470.0,2017-12-31,80.0,2018,460.0,2018-12-31,80.0,2019,410.0,2019-12-31,80.0,2020,287.5,2020-12-31,80.0,2020-10-20,260.0,86654.47628922944
200,200,MW-11s,2006-12-31,1300.5827837949778,2007,2.75,2007-12-31,35.18409798602579,2008,0.5,2008-12-31,35.280492775028506,2009,0.5,2009-12-31,35.18409798602579,2010,15.75,2010-12-31,35.18409798602602,2010-10-14,31.0,337435.5589728573
201,201,MW-22,2016-12-31,310.0,2017,307.5,2017-12-31,310.0,2018,452.5,2018-12-31,310.0,2019,487.5,2019-12-31,310.0,2020,610.0,2020-12-31,310.0,2020-11-18,660.0,52863.75
202,202,MW-118,2016-12-31,47.53915290118915,2017,52.5,2017-12-31,40.708367496614144,2018,42.75,2018-12-31,34.324002405269525,2019,53.25,2019-12-31,28.521204118749363,2020,55.0,2020-12-31,27.35932372679761,2020-10-27,54.0,359.564783157382
203,203,MW-38d,2016-12-31,34.999999999999986,2017,50.0,2017-12-31,34.999999999999986,2018,47.0,2018-12-31,34.999999999999986,2019,33.5,2019-12-31,34.999999999999986,2020,35.0,2020-12-31,34.999999999999986,2020-10-09,28.0,84.05000000000011
204,204,NMW-2d,2016-12-31,865.0,2017,780.0,2017-12-31,820.0,2018,840.0,2018-12-31,850.0,2019,840.0,2019-12-31,850.0,2020,910.0,2020-12-31,865.0,2020-08-21,910.0,2670.0
205,205,MW-13,2005-12-31,0.5,2006,0.5,2006-12-31,0.5,2007,0.5,2007-12-31,0.5,2008,0.5,2008-12-31,0.5,2009,0.5,2009-12-31,0.5,2010,0.5,0.0
206,206,MW-98d,2016-12-31,17.49223893529116,2017,14.5,2017-12-31,18.747372082840823,2018,16.5,2018-12-31,19.983055372163093,2019,17.0,2019-12-31,21.202108111454454,2020,19.0,2020-12-31,22.408355109235966,2020-10-29,21.0,5.947107745248061
207,207,175 Jackson Plaza,2016-12-31,1164.1763740907395,2017,930.0,2017-12-31,1273.2097215855688,2018,750.0,2018-12-31,1385.6794111213844,2019,800.0,2019-12-31,1501.4167746360652,2020,960.0,2020-12-31,1620.5863645328348,2020-11-02,1000.0,269973.3838513653
208,208,MW-116,,,,,,,,,,,,,,,,,,,,,
209,209,MW-78,2016-12-31,24.30232620344377,2017,27.5,2017-12-31,23.35026385308594,2018,27.0,2018-12-31,22.490974411119254,2019,25.0,2019-12-31,21.71541770015605,2020,22.0,2020-12-31,21.01361357811367,2020-12-08,22.0,6.178969263119596
210,210,MW-34s,2016-12-31,0.5,2017,0.5,2017-12-31,0.5,2018,0.5,2018-12-31,0.5,2019,0.5,2019-12-31,0.5,2020,0.5,2020-12-31,0.5,2020-10-09,0.5,0.0
211,211,MW-121s,2016-12-31,0.5,2017,0.5,2017-12-31,0.5,2018,0.5,2018-12-31,0.5,2019,0.5,2019-12-31,0.5,2020,0.5,2020-12-31,0.5,2020-10-08,0.5,0.0
212,212,MW-108d,,,,,,,,,,,,,,,,,,,,,
213,213,MW-54d,2016-12-31,29.0,2017,12.88,2017-12-31,55.0,2018,18.0,2018-12-31,62.0,2019,11.5,2019-12-31,30.0,2020,33.0,2020-12-31,34.0,2020-10-19,55.0,925.82088
214,214,4742 Park Rd,,,,,,,,,,,,,,,,,,,,,
215,215,MW-49,2016-12-31,0.5,2017,0.5,2017-12-31,0.5,2018,0.5,2018-12-31,0.5,2019,0.5,2019-12-31,0.5,2020,0.5,2020-12-31,0.5,2020-11-17,0.5,0.0
216,216,MW-127d,2016-12-31,0.5,2017,0.5,2017-12-31,0.5,2018,0.5,2018-12-31,0.5,2019,0.5,2019-12-31,0.5,2020,0.5,2020-12-31,0.5,2020-12-08,0.5,0.0
217,217,MW-94s,2016-12-31,53.12500271735315,2017,465.0,,,,,,,,,,,,,,,,,
218,218,MW-52s,2016-12-31,674.6271541619959,2017,330.0,2017-12-31,604.9772212875703,2018,265.0,2018-12-31,630.5187524260386,2019,230.0,2019-12-31,560.868819551613,2020,170.0,2020-12-31,478.0458850177208,2020-10-14,150.0,131032.03883997104
219,219,MW-85,2016-12-31,1137.944244269172,2017,827.5,2017-12-31,470.3859564162535,2018,637.5,2018-12-31,678.9161612305993,2019,557.5,2019-12-31,525.9210169195063,2020,570.0,2020-12-31,234.2782276560331,2020-10-19,600.0,54947.99761731307
220,220,MW-71,2016-12-31,2203.4109974788707,2017,1313.3333333333333,2017-12-31,2306.418789617943,2018,485.0,2018-12-31,2409.426581757014,2019,475.0,2019-12-31,2512.434373896086,2020,785.0,2020-12-31,2615.845371374957,2020-10-29,700.0,2901260.7717457605
221,221,LB-1,2014-12-31,568.9000000000001,2013-12-02,550.0,2015-12-31,581.8,2017-07-26,400.0,2016-12-31,594.7,2017,385.0,2017-12-31,607.6,2017-08-07,370.0,2018-12-31,620.5000000000001,2019,380.0,38335.31000000001
222,222,MW-52i,2016-12-31,0.5,2017,0.5,2017-12-31,0.5,2018,3.3,2018-12-31,0.5,2019,1.3,2019-12-31,0.5,2020,2.2,2020-12-31,0.5,2020-09-21,2.2,2.852
223,223,MW-72d,2016-12-31,845.3924953928483,2017,902.5,2017-12-31,487.3934158715657,2018,455.75,2018-12-31,190.8271709609554,2019,590.0,2019-12-31,0.0,2020,520.0,2020-12-31,0.0,2020-11-10,600.0,158800.3040587022
224,224,MW-117,2016-12-31,0.5,2017,0.5,2017-12-31,0.5,2018,0.5,2018-12-31,0.5,2019,0.5,2019-12-31,0.5,2020,2.25,2020-12-31,0.5,2020-10-26,0.5,0.6125
225,225,NMW-1d,2016-12-31,810.0,2017,650.0,2017-12-31,810.0,2018,690.0,2018-12-31,810.0,2019,680.0,2019-12-31,810.0,2020,720.0,2020-12-31,810.0,2020-08-21,720.0,14620.0
226,226,MW-8d,2007-12-31,0.5,2008,0.5,2008-12-31,0.5,2009,0.5,2009-12-31,0.5,2010,0.5,2010-12-31,0.5,2011,0.5,2011-12-31,0.5,2012,0.5,0.0
227,227,545 Allison,2007-12-31,0.7072985450560082,2008,10.5,2008-12-31,0.7072985450560082,2009,13.25,2009-12-31,0.7072985450560082,2010,14.0,2010-12-31,0.7072985450560082,2011,13.0,2011-12-31,0.7072985450560082,2011-04-13,10.0,133.47541658697733
228,228,MW-110,,,,,,,,,,,,,,,,,,,,,
229,229,MW-119,2016-12-31,11.991396189125965,2017,90.25,2017-12-31,0.0,2018,56.25,2018-12-31,0.0,2019,36.0,2019-12-31,0.0,2020,31.75,2020-12-31,0.0,2020-10-19,33.0,2536.3068140854693
230,230,MW-23,2015-12-31,172.29999999999976,2016,130.0,2016-12-31,172.29999999999976,2017,110.0,2017-12-31,172.29999999999976,2018,140.0,2018-12-31,172.29999999999976,2019,170.0,2019-12-31,172.29999999999976,2020,200.0,1497.2899999999893
231,231,MW-24,,,,,,,,,,,,,,,,,,,,,
232,232,MW-14d,2005-12-31,0.5,2006,0.5,2006-12-31,0.5,2007,0.5,2007-12-31,0.5,2008,0.5,2008-12-31,0.5,2009,0.5,2009-12-31,0.5,2010,0.5,0.0
233,233,MW-4s,2005-12-31,2.8563309991105874,2006,2.0,2006-12-31,2.8563417246414784,2007,0.5,2007-12-31,2.85635245017237,2008,3.0,2008-12-31,2.856363205088277,2009,2.0,2009-12-31,2.8563739306191684,2010,2.0,1.5546035939937572
234,234,MW-70,2016-12-31,0.5,2017,0.5,2017-12-31,0.5,2018,0.5,2018-12-31,0.5,2019,0.5,2019-12-31,0.5,2020,0.5,2020-12-31,0.5,2020-08-10,0.5,0.0
235,235,2678 Valley,1999-12-31,0.5,2000,0.5,2000-12-31,0.5,2001,0.5,2001-12-31,0.5,2002,0.5,2002-12-31,0.5,2003,0.5,2003-12-31,0.5,2003-08-04,0.5,0.0
236,236,MW-48,2016-12-31,60.74525928337111,2017,40.5,2017-12-31,55.85090228130787,2018,31.5,2018-12-31,51.4341781460793,2019,24.0,2019-12-31,47.440042578587146,2020,17.5,2020-12-31,43.82054859774699,2020-11-17,18.0,663.7155950823538
237,237,A2 Cleaning Supply,2016-12-31,42.93509619433852,2017,75.58333333333333,2017-12-31,38.87019238867704,2018,80.41666666666667,2018-12-31,34.80528858301556,2019,80.28571428571429,2019-12-31,30.74038477735408,2020,61.16666666666666,2020-12-31,26.6754809716926,2020-12-10,59.0,1366.2238390667421
238,238,MW-122s,2016-12-31,83.10420194997563,2017,142.5,2017-12-31,84.84454726503986,2018,180.0,2018-12-31,86.58489258010407,2019,232.5,2019-12-31,88.32523789516831,2020,237.5,2020-12-31,90.07035127958888,2020-10-22,260.0,17000.56694956595
239,239,MW-77,2016-12-31,1677.4165651365367,2017,1625.0,2017-12-31,1888.395521418465,2018,1475.0,2018-12-31,2096.662400284635,2019,1375.0,2019-12-31,2302.3505054430075,2020,1047.5,2020-12-31,2505.731486965759,2020-10-21,960.0,931675.1188444172
240,240,MW-2d,2016-12-31,32.07553871349056,2017,37.25,2017-12-31,27.99433810747847,2018,56.75,2018-12-31,28.764386120522385,2019,47.5,2019-12-31,50.393263600205856,2020,39.25,2020-12-31,52.88780753408464,2020-11-11,35.0,329.76646999272043
241,241,ARTESIAN #1,1995-12-31,0.0,1994-09-08,22.0,1996-12-31,93.5,1999-03-26,29.0,1997-12-31,0.0,1999-03-26,29.0,1998-12-31,9.999999999999986,1999,29.25,1999-12-31,20.5,2000,6.0,1213.2125
242,242,MW-124d,2016-12-31,0.460990407599474,2017,0.5,2017-12-31,0.460990407599474,2018,0.5,2018-12-31,0.4395800754195583,2019,0.5,2019-12-31,1.4395800754195582,2020,0.5,2020-12-31,0.4249902474826171,2020-10-26,0.5,0.1790262489965917
243,243,MW-97s,2016-12-31,0.5,2017,0.5,2017-12-31,0.5,2018,0.5,2018-12-31,0.5,2019,0.5,2019-12-31,0.5,2020,0.5,2020-12-31,0.5,2020-07-20,0.5,0.0
244,244,MW-46,2016-12-31,128.92016405151156,2017,125.0,2017-12-31,127.98175698356695,2018,195.0,2018-12-31,122.86304728603828,2019,101.5,2019-12-31,122.04095232139352,2020,75.5,2020-12-31,125.35922290038532,2020-11-17,91.0,1661.9617627693071
245,245,MW-11i,2008-12-31,19.0,2009,11.0,2009-12-31,19.0,2010,0.75,2010-12-31,19.0,2011,7.0,2011-12-31,19.0,2012,7.333333333333333,2012-12-31,19.0,2012-08-01,7.0,164.23472222222222
246,246,544 Allison,2007-12-31,0.4999999999999999,2008,6.0,2008-12-31,0.0833333333333333,2009,10.0,2009-12-31,0.0138888888888888,2010,2.0,2010-12-31,0.0023148148148148,2011,3.0,2011-12-31,0.0003858024691358,2011-09-26,3.0,30.103743385392853
247,247,MW-65s,2016-12-31,11.616492220423543,2017,10.5,2017-12-31,10.392243593427091,2018,12.5,2018-12-31,9.303667279961283,2019,7.65,2019-12-31,8.33391430158312,2020,8.45,2020-12-31,7.4662068190664,2020-11-19,8.2,1.7951471484583137
248,248,3245 Kingwood,2007-12-31,5.458649600201603,2008,4.0,2008-12-31,4.988426088992938,2009,4.0,2009-12-31,4.698011120698073,2010,3.0,2010-12-31,4.410201421649137,2011,0.5,2011-12-31,4.224533927029256,2011-09-26,0.5,7.02994293740868
249,249,Saginaw Forest Cabin #4,2010-12-31,0.5,2011,0.5,2011-12-31,0.5,2012,0.75,2012-12-31,0.5,2013,0.5,2013-12-31,0.5,2014,0.5,2014-12-31,0.5,2015,0.5,0.0125
250,250,MW-KD-1s,2016-12-31,35.9,2017,75.5,2017-12-31,37.7,2018,87.5,2018-12-31,39.5,2019,101.75,2019-12-31,41.3,2020,125.0,2020-12-31,43.1,2020-10-28,140.0,4863.7125
251,251,MW-63d,2014-12-31,0.5,2015,0.5,2015-12-31,0.5,2016,0.5,2016-12-31,0.5,2017,0.5,2017-12-31,0.5,2018,0.5,2018-12-31,0.5,2019,0.5,0.0
252,252,SW-3M,2006-12-31,0.5,2007,0.5,2007-12-31,0.5,2008,0.5,2008-12-31,0.5,2009,0.5,2009-12-31,0.5,2010,0.5,2010-12-31,0.5,2010-08-05,0.5,0.0
253,253,MW-40s,2016-12-31,0.5000338431202334,2017,0.5,2017-12-31,0.5000677005686696,2018,0.5,2018-12-31,0.5001015723571218,2019,0.5,2019-12-31,0.5001354584974305,2020,0.5,2020-12-31,0.5001693590014007,2020-08-10,0.5,1.2615428679630735e-08
254,254,3161 Dexter Rd,2005-12-31,0.5,2004-01-13,0.5,2006-12-31,0.5,2004-01-13,0.5,2007-12-31,0.5,2004-01-13,0.5,2008-12-31,0.5,2012-06-14,0.5,2009-12-31,0.5,2012-06-14,0.5,0.0
255,255,453 Dupont,2007-12-31,6.238402902681291,2008,3.75,2008-12-31,4.921294785695582,2009,2.75,2009-12-31,4.406559037184362,2010,2.75,2010-12-31,4.771800008065306,2011,3.5,2011-12-31,5.576074475975638,2011-05-03,3.0,4.38089857248535
256,256,4401 Park West,2016-12-31,5.180393386770415,2017,6.4,2017-12-31,4.457907522263025,2018,6.3,2018-12-31,3.819260443179628,2019,5.4,2019-12-31,3.254795356561337,2020,4.8,2020-12-31,2.7546757752543303,2020-08-14,4.8,2.790098221700206
257,257,HZ-S,2016-12-31,0.0,2017,1150.0,2017-12-31,0.0,2018,1000.0,2018-12-31,0.0,2018-12-21,1100.0,2019-12-31,0.0,2020,870.0,2020-12-31,0.0,2020-11-23,800.0,985880.0
258,258,2575 Valley,2016-12-31,70.30330725023425,2017,66.0,2017-12-31,71.79816377745874,2018,74.0,2018-12-31,73.29302030468322,2019,87.0,2019-12-31,74.7878768319077,2020,110.0,2020-12-31,76.28682885646704,2020-08-06,110.0,517.5438709933372
259,259,2643 Dexter Rd,2008-12-31,0.659274234532658,2008-10-08,10.0,2009-12-31,0.7207608225908393,2008-10-08,10.0,2010-12-31,0.8145757895774661,2012-01-19,2.0,2011-12-31,0.9863409080881324,2012,2.0,2012-12-31,1.7010969619650342,2012-01-19,2.0,35.1751031753297
260,260,Saginaw Forest Cabin #2,2016-12-31,0.5,2017,0.5,2017-12-31,0.5,2018,0.5,2018-12-31,0.5,2019,0.5,2019-12-31,0.5,2020,0.5,2020-12-31,0.5,2020-12-08,0.5,0.0
261,261,5005 Jackson Rd,2016-12-31,5.728988951378009,2017,15.75,2017-12-31,3.723295925286864,2018,15.0,2018-12-31,0.0874549074324626,2019,13.5,2019-12-31,0.0,2020,14.25,2020-12-31,0.0,2020-11-16,16.0,173.30871661708267
262,262,MW-45d,2016-12-31,697.369003390505,2017,711.3333333333334,2017-12-31,608.5646397407812,2018,985.0,2018-12-31,519.7602760910573,2019,920.0,2019-12-31,430.9559124413343,2020,915.0,2020-12-31,341.9082491651725,2020-11-12,890.0,167358.7331185269
263,263,465 Dupont,2016-12-31,1716.1990899098173,2017,1150.0,2017-12-31,1937.874462161656,2018,1027.5,2018-12-31,1986.186346465763,2019,975.0,2019-12-31,1991.882380679488,2020,875.0,2020-12-31,2211.151426800069,2020-12-02,850.0,1054404.0714003507
264,264,MW-65i,2016-12-31,0.5964091181167728,2017,2.0,2017-12-31,0.3369664099780103,2018,2.3,2018-12-31,0.1797968457540884,2019,2.65,2019-12-31,0.0902864086893893,2020,3.5,2020-12-31,0.0424937288652951,2020-11-19,3.8,7.534094402978347
265,265,MW-25s,2016-12-31,412.6183422084471,2017,135.0,2017-12-31,412.6183422084471,2018,265.0,2018-12-31,412.6183422084471,2019,442.5,2019-12-31,412.6183422084471,2020,385.0,2020-12-31,412.6183422084471,2020-11-18,320.0,21819.3924998184
266,266,MW-83d,2011-12-31,0.5,2011-08-01,0.5,2012-12-31,0.5,2013,0.5,2013-12-31,0.5,2013-07-17,0.5,2014-12-31,0.5,2015,0.5,2015-12-31,0.5,2015-07-21,0.5,0.0
